arrival_time,input_tokens,output_tokens
0.0,770,491
5.55,949,126
6.244,964,79
7.063,78,5
7.297,1724,28
7.297,946,11
7.354,913,370
7.544,931,86
8.146,1195,1
8.266,1332,508
8.619,1258,403
8.865,655,396
10.603,1105,336
11.494,708,325
12.494,363,207
12.553,254,40
13.504,1480,149
13.834,1128,824
13.905,6219,85
14.148,986,1
14.199,248,47
14.407,734,156
14.448,957,96
14.709,217,7
14.796,269,14
15.052,1075,31
15.542,8817,307
16.656,2908,91
17.217,1800,25
17.404,690,48
18.851,1433,61
19.341,1011,111
19.595,14797,51
21.353,1449,139
21.8,4425,464
22.005,2003,386
22.117,1625,60
22.492,4376,318
22.688,548,388
22.757,2666,3
22.794,3966,288
22.835,1220,345
22.94,952,26
23.051,458,169
25.052,1594,524
25.299,1464,61
25.468,4196,150
25.585,971,287
25.85,707,64
26.543,735,292
26.843,1274,463
26.971,1433,45
26.998,1379,24
27.214,1176,333
27.349,254,31
27.494,459,36
28.19,1018,28
28.209,1123,181
28.244,908,62
28.743,2821,492
30.268,678,603
30.35,1270,85
30.71,301,1
30.744,949,127
30.798,3999,277
31.692,1480,150
31.945,437,57
32.001,551,224
32.066,513,78
32.106,1357,384
32.447,1034,38
32.659,438,1
32.749,438,67
32.94,1073,26
32.99,188,342
33.745,344,26
34.5,3584,269
34.693,692,44
35.218,8855,362
35.269,1357,385
35.552,969,368
35.718,2915,107
35.855,1114,28
36.101,1049,199
36.546,5639,455
36.619,468,61
36.747,887,35
37.194,1660,387
37.516,990,658
37.94,362,77
38.043,2445,331
38.1,3350,62
38.854,4180,63
39.766,1702,473
40.218,624,227
41.311,387,125
41.499,2256,419
42.19,1236,500
42.52,955,222
43.44,1433,74
44.313,302,277
44.324,873,463
45.296,726,44
45.944,646,214
46.096,399,99
46.599,1464,58
46.742,106,37
46.905,1976,419
47.188,353,192
48.805,692,384
48.991,1350,284
49.068,368,148
50.1,2910,75
51.146,478,827
52.6,655,403
53.248,2086,412
53.843,1088,764
54.031,2355,30
54.087,1198,1
54.589,1470,416
55.364,379,183
55.469,1205,500
55.549,1023,443
55.994,6130,1276
56.468,8834,347
56.561,1994,190
56.941,768,124
56.942,1190,605
57.492,1002,593
58.19,1192,1
59.083,1665,69
59.548,857,349
60.576,1492,32
60.754,993,148
63.47,975,1
63.822,978,940
64.041,3256,424
64.471,1611,608
64.829,438,1
65.493,974,173
65.561,1122,22
65.617,798,450
65.754,446,266
65.803,669,389
65.816,637,363
65.853,9155,341
66.257,4012,319
68.49,353,82
68.77,379,145
69.775,3669,150
70.742,1499,508
71.155,1607,137
71.298,439,21
71.691,4306,588
71.852,4385,382
72.1,1852,34
72.349,755,8
72.349,1205,465
72.8,570,333
73.803,694,81
74.321,5409,303
74.571,819,3
75.07,463,138
78.191,769,8
78.198,721,394
78.552,3013,104
78.941,664,403
79.65,731,539
80.046,652,347
80.097,2354,742
80.247,566,79
80.752,2636,460
82.244,3321,141
83.091,739,347
83.505,1113,64
84.31,1057,499
84.7,1154,494
85.244,1022,28
85.334,1481,22
85.843,666,391
88.097,870,350
88.583,864,402
88.742,4181,69
89.155,1479,367
89.24,9154,335
89.903,990,30
90.021,230,8
90.047,692,40
90.101,1714,47
90.494,386,399
90.799,543,232
91.245,441,200
91.49,973,26
92.191,1174,90
92.208,1387,28
92.605,2470,79
92.692,1477,386
92.752,2841,353
92.82,1236,499
92.834,633,467
92.996,3675,112
93.57,2171,365
93.994,1262,35
94.069,1173,75
94.357,4227,156
94.803,3985,304
95.044,400,50
95.084,1876,351
95.107,725,34
95.193,2913,97
95.49,4378,276
95.691,5577,1375
96.692,1433,75
96.802,3930,322
97.242,762,510
98.118,1249,411
98.459,2400,15
98.941,343,67
99.743,996,23
99.941,2264,931
100.155,493,305
101.253,616,76
101.592,855,409
101.692,811,280
101.801,376,150
101.907,1276,400
102.698,456,1
102.746,8280,364
102.942,2503,250
103.057,3622,428
103.74,2529,344
103.842,1039,397
104.051,3917,441
104.405,2919,474
104.795,141,12
105.572,802,271
105.993,2770,36
106.518,1689,340
106.852,1645,78
106.944,578,424
107.592,2029,131
107.843,803,386
108.211,686,39
108.32,9497,289
108.554,1480,94
108.694,819,3
108.696,699,175
108.961,487,142
109.658,1480,133
109.742,3819,109
109.992,3680,76
110.064,978,433
111.653,406,1
111.994,969,157
112.094,1932,111
112.241,8815,390
112.242,2915,117
112.492,1091,361
112.71,5846,156
112.942,1480,90
113.329,892,8
114.047,4125,129
114.846,1820,32
114.99,4033,349
115.066,5824,58
115.493,1775,34
115.946,3848,135
115.994,3850,132
116.491,1106,612
116.491,1236,500
116.569,1317,376
116.842,1043,173
116.942,132,7
116.946,1464,65
117.49,11228,230
117.508,756,8
117.657,4338,457
117.657,466,201
117.993,3872,612
118.091,606,165
118.195,3898,301
118.589,437,161
118.843,440,191
118.844,989,308
119.488,439,131
119.646,1537,337
119.856,1236,500
119.987,2908,380
119.995,2101,369
120.258,4183,54
120.444,429,89
120.462,1212,29
120.745,7773,889
120.747,4295,374
120.949,704,52
121.244,1777,24
121.658,97,7
121.84,4238,349
122.945,3891,235
123.583,435,128
123.819,382,255
123.942,1236,427
124.338,423,402
124.34,1433,73
124.546,701,234
124.564,1287,112
124.946,1900,597
125.252,1212,36
125.441,635,114
125.691,2939,144
125.692,1205,414
126.442,8828,314
126.745,12272,113
127.834,1079,403
127.988,1982,904
128.444,1236,500
128.593,2770,36
128.847,888,41
129.081,1190,951
129.252,7154,2328
130.099,786,303
130.442,968,90
132.745,1625,269
133.691,1433,71
133.841,653,164
134.09,11228,232
134.195,4331,362
134.253,1068,294
134.519,1137,394
135.355,1205,481
136.299,1433,79
136.996,1266,61
137.459,682,365
138.562,340,9
138.942,1423,117
139.073,1719,69
139.246,3589,277
139.313,1091,455
139.443,1523,278
140.499,892,53
140.82,2531,381
142.299,11197,372
142.441,4042,281
142.574,1287,441
143.504,1009,1
144.312,1694,314
145.065,2663,441
147.6,766,296
148.007,1521,403
148.25,896,8
149.07,1042,376
149.07,1123,455
149.487,10158,2318
149.758,106,1
150.055,934,72
152.487,727,335
154.005,78,1
154.748,1131,356
154.969,1271,453
156.44,459,14
158.571,6417,1048
159.255,1000,375
160.855,3359,652
161.023,1766,420
163.094,2471,358
163.396,6696,5
164.069,625,92
164.191,721,415
164.258,914,683
165.246,2428,360
165.257,130,7
165.583,1180,92
166.545,251,56
166.797,6934,509
167.801,6185,475
167.842,746,348
168.901,798,137
169.008,255,60
169.593,1104,359
170.046,2099,39
170.579,353,386
170.842,1355,404
172.047,406,90
172.466,927,8
172.96,647,369
173.0,690,59
173.263,895,195
173.406,668,318
174.297,762,390
174.512,1027,337
175.989,462,341
176.012,1262,40
176.261,397,124
176.694,385,187
177.508,1631,144
178.009,960,138
178.259,3762,110
178.44,4211,77
178.501,1885,32
178.815,1064,407
178.858,921,353
179.744,1244,24
180.294,1205,282
180.321,426,383
181.001,682,50
181.008,1480,122
181.084,783,22
181.548,265,53
181.834,1467,27
182.002,265,59
182.022,1150,393
182.246,1413,172
182.691,1288,1
183.069,815,30
183.244,6132,281
183.268,439,584
183.546,9165,471
183.693,5043,155
183.753,3433,607
183.769,1464,68
183.94,451,139
184.094,876,98
184.153,924,22
184.467,839,291
184.941,684,57
185.008,1260,71
185.02,1715,604
185.268,727,1
185.568,141,19
185.65,1342,304
185.694,207,18
186.601,695,370
186.797,682,49
186.94,248,36
187.468,949,371
187.743,686,39
187.824,731,385
187.94,840,78
188.055,1953,129
188.252,3775,153
189.249,542,144
189.44,869,76
190.012,710,77
190.065,229,16
190.117,1480,136
190.753,4651,81
190.758,1789,42
190.799,595,471
190.799,1433,83
191.15,3296,499
191.324,705,145
191.508,985,26
191.548,1148,26
192.248,374,83
192.292,785,29
192.526,1433,71
192.743,128,12
192.821,916,173
192.997,1295,26
193.248,684,19
193.261,1391,27
193.291,1776,33
193.508,815,51
194.073,4187,80
194.269,2934,69
194.396,251,35
194.576,701,83
194.758,987,229
195.254,4631,103
196.004,1102,205
196.004,4183,115
196.096,804,307
196.245,389,302
196.263,995,89
196.767,769,343
197.403,1113,487
197.575,1952,561
197.575,1449,177
197.99,935,117
198.003,514,143
198.007,3350,344
198.062,1280,49
198.256,8835,291
198.256,4112,408
198.551,6851,19
198.701,1464,69
198.801,1526,28
199.009,680,56
199.394,376,36
199.586,1324,336
199.749,369,177
199.997,767,413
200.394,303,20
200.554,2797,466
200.688,3167,322
200.83,819,3
200.893,257,52
201.301,1464,84
201.334,1433,59
201.817,852,497
201.893,2074,28
202.069,3850,174
202.096,3362,99
202.335,832,332
202.335,442,23
202.52,560,469
202.694,700,359
202.802,1776,25
202.992,8814,248
203.042,1464,87
203.323,2589,406
203.323,1081,227
203.332,1171,80
203.501,340,114
203.698,3800,84
204.573,3888,456
204.75,3983,302
205.023,4074,461
205.148,369,79
205.577,4445,439
205.794,1051,26
205.806,257,49
206.323,993,26
206.446,689,66
206.491,8817,279
206.542,1433,56
206.574,856,28
206.595,7850,168
207.041,4214,161
207.194,1123,26
207.298,606,68
207.442,253,41
207.709,256,44
207.808,1231,20
207.823,1112,26
208.207,1167,78
208.238,1287,26
208.332,1865,83
208.575,819,28
208.901,1167,26
209.405,964,100
209.83,1804,26
209.898,9155,305
209.901,846,355
209.942,1170,77
210.056,3845,62
210.305,960,78
210.398,438,18
210.509,483,252
210.594,1201,28
210.958,1058,390
211.096,4223,278
211.331,1779,29
211.598,354,83
211.606,611,400
211.651,1659,121
211.708,375,78
211.797,973,26
211.897,669,133
211.991,1464,62
212.073,1464,85
212.198,4045,317
212.207,925,26
212.207,1032,28
212.241,1222,167
212.506,633,412
212.698,8817,321
213.194,1748,27
213.24,3753,117
213.457,1433,105
213.574,1039,28
213.823,855,34
213.842,450,231
214.045,6989,95
214.405,1263,32
214.458,3906,958
214.458,386,47
214.572,1791,36
214.648,2393,198
215.268,2747,302
215.268,7872,170
215.739,5311,137
215.825,1480,158
216.042,1480,101
216.191,1187,435
216.696,2061,462
216.869,9154,261
216.943,1419,108
217.306,687,63
217.322,1272,772
217.833,939,81
217.842,6167,89
217.899,4639,87
217.987,819,3
218.405,1205,366
218.835,1197,643
219.069,3941,242
219.571,643,323
219.584,815,23
219.617,496,285
220.149,610,270
220.268,2471,420
220.394,4657,74
220.493,1297,41
220.518,8814,307
220.737,1971,139
220.792,375,49
220.841,686,52
220.957,718,388
221.259,1428,15
221.491,1236,409
221.502,721,19
222.238,1480,127
222.655,1385,129
222.894,489,157
222.901,1271,132
223.25,687,46
223.32,4154,451
223.406,1657,8
223.893,5266,96
223.958,819,3
224.251,3500,401
224.456,824,1
224.846,718,20
224.989,1433,74
225.347,3773,143
225.456,815,23
225.656,4124,425
226.082,5582,33
226.394,619,404
226.488,1172,75
226.59,1103,90
227.337,4085,366
228.209,2264,75
228.24,1480,127
228.742,352,440
229.003,346,62
229.005,1486,391
229.092,689,24
229.577,4157,414
229.749,1205,232
229.904,3203,63
230.334,554,268
230.459,4214,94
230.903,482,151
230.988,1781,33
231.002,630,322
231.408,1031,191
231.456,732,364
232.486,796,306
232.987,1205,500
232.987,8311,309
233.0,1235,373
233.042,819,2
233.353,2684,362
233.456,4124,226
234.49,491,209
234.99,2216,504
234.991,1477,364
235.041,1231,447
235.072,4038,1072
235.082,1094,1000
235.692,610,241
236.082,181,10
236.155,819,3
236.291,4714,478
236.655,3945,239
237.492,184,8
237.654,729,423
237.907,1787,26
238.403,1273,130
238.404,471,208
238.601,483,1
238.693,1813,24
239.084,642,490
239.149,9177,319
239.317,3216,303
239.487,903,33
240.09,142,5
240.249,362,111
240.749,3203,62
241.0,139,504
241.487,615,377
241.593,2698,549
241.957,6767,508
242.751,883,281
243.739,2244,25
244.151,1374,341
244.651,587,109
244.852,483,1
244.958,152,24
245.397,1236,500
245.438,1215,463
245.457,3949,343
245.489,1276,30
245.542,1863,291
245.942,257,24
247.042,1236,251
247.138,3112,387
247.522,975,420
247.652,3851,240
247.802,115657,1211
250.207,1512,661
250.246,1424,451
250.65,1573,758
250.812,707,72
253.151,2526,405
254.002,665,407
255.253,3042,468
256.303,5270,20
256.401,901,398
256.693,3849,210
257.749,376,33
257.792,1236,261
258.239,1457,88
258.759,723,395
259.721,442,185
259.737,794,41
259.948,1480,127
260.471,2918,127
260.491,3920,265
260.72,3764,146
261.588,1280,363
261.689,1652,96
261.869,767,75
262.842,1243,3
263.24,1236,359
263.56,1524,500
264.005,1859,29
264.338,2065,38
264.708,1770,8
264.716,1760,37
264.94,1275,297
264.94,255,22
265.968,8819,296
266.093,826,71
266.441,14801,1330
266.957,1165,28
266.988,7764,199
267.025,1046,26
267.114,1045,28
267.208,2422,947
267.335,5185,115
267.342,1495,445
267.801,1261,396
268.002,2086,386
268.216,9405,138
268.504,2088,38
268.966,8816,262
269.523,917,28
269.616,857,56
270.191,1288,159
270.465,1037,189
271.046,1092,26
271.267,879,8
271.688,1433,58
271.797,584,44
272.063,1136,26
272.956,945,152
273.206,1050,26
273.688,685,56
273.771,1165,26
273.864,431,56
274.502,3701,808
275.364,4260,14
275.565,1484,30
275.816,832,31
275.989,4124,469
276.216,1236,404
276.304,130,16
276.438,2793,393
276.563,254,44
276.835,11591,81
276.943,758,403
277.005,260,64
277.444,2294,113
277.565,1763,26
277.565,8474,318
277.619,1449,149
277.944,2291,155
278.195,3681,105
278.215,819,2
278.273,1305,144
278.506,2797,419
278.591,408,647
278.987,3486,300
279.067,381,89
279.295,8817,334
279.364,249,45
279.445,1087,28
279.746,391,85
280.114,261,47
280.25,465,159
281.218,687,58
281.239,4198,94
281.715,1482,407
282.004,2770,36
282.094,3203,116
282.963,1057,43
283.046,508,471
283.297,1223,101
283.447,6626,148
283.448,695,53
283.901,1198,1000
283.943,436,249
284.688,815,320
284.799,3203,94
284.821,721,24
284.822,4499,105
284.868,1926,119
284.94,1205,500
284.991,72,6
284.991,1028,407
285.944,2263,4
286.217,254,65
286.246,942,402
286.323,539,49
286.499,452,261
286.688,379,33
286.798,3984,396
287.489,1236,270
287.567,729,387
287.626,3337,144
287.837,3849,149
288.197,1001,129
288.198,3681,114
288.241,2224,358
288.62,1142,5
289.212,534,212
289.219,3681,147
289.44,560,412
289.571,908,8
289.592,682,57
289.819,3675,127
290.219,339,754
290.489,3914,283
290.62,1433,65
290.961,3924,247
291.189,3849,92
291.345,1310,455
291.618,721,52
291.946,1433,73
291.947,1008,71
292.12,995,210
292.188,1236,418
292.31,1647,690
292.719,1384,83
293.321,1480,132
293.617,2321,300
293.841,3365,66
293.943,3766,139
294.144,592,357
294.372,3946,307
294.487,4356,384
295.074,1205,282
295.438,1236,465
295.547,2456,146
295.645,373,140
295.645,1792,621
295.695,4291,21
295.969,4075,364
296.26,693,47
296.297,1008,153
296.834,1140,158
297.547,2393,132
297.591,819,2
297.715,8814,297
297.834,4785,517
298.047,980,101
298.547,1886,30
298.573,4370,250
298.823,4232,202
298.823,5278,138
299.002,1039,444
299.546,1251,81
300.46,3633,247
300.865,9494,336
301.506,698,387
301.592,327,104
301.592,1433,93
302.212,371,11
303.299,1236,456
304.324,248,55
304.574,591,85
304.692,756,144
305.101,1715,289
305.491,1236,500
305.52,1362,431
305.77,412,1
306.442,6665,122
306.837,4067,367
307.095,1067,408
307.694,667,280
307.842,838,1
308.004,713,44
308.051,2813,272
308.062,1713,28
308.353,4149,27
308.564,976,19
308.843,259,58
309.004,407,68
309.195,4068,429
309.489,659,511
309.591,348,1
309.814,819,2
310.707,1573,803
310.941,2330,117
311.302,4308,18
311.958,3241,634
311.992,345,30
312.006,4639,146
312.255,1460,26
312.304,2136,140
312.801,1164,85
313.008,1742,28
313.55,687,49
313.6,3918,274
314.007,438,33
314.505,1774,32
314.572,8815,300
314.589,1205,352
314.589,1727,47
314.71,1060,29
315.333,356,84
315.334,8813,291
315.741,812,795
316.017,819,3
316.251,695,6
316.335,1464,81
316.898,3641,277
316.943,568,288
317.346,73,4
317.589,2185,179
317.691,679,46
317.869,640,420
318.272,991,1
318.814,1098,23
318.942,10449,93
318.987,656,10
319.196,3848,123
319.216,2185,215
319.218,4260,14
319.219,2393,165
319.221,490,178
319.223,2933,129
319.506,1751,28
319.554,774,371
319.806,3904,270
319.944,2365,350
320.009,1236,424
320.01,245,30
320.084,121,1
320.25,1276,136
320.602,692,45
320.761,4635,70
320.842,882,91
321.303,1480,125
321.5,256,57
322.008,447,42
322.692,2044,62
322.75,1096,269
322.996,621,134
323.342,954,28
323.351,888,33
323.587,1046,192
323.76,1179,81
323.808,1101,26
323.816,102,37
323.843,1480,121
324.001,1263,28
324.042,5495,270
324.367,562,926
324.46,396,49
324.742,1236,252
325.584,540,8
325.584,3917,333
325.75,712,51
325.815,644,7
325.994,929,28
326.153,686,1
326.243,3998,298
326.249,971,186
326.62,1514,303
326.749,2403,8
327.092,2393,172
327.438,2894,59
327.468,662,25
327.707,819,3
327.75,4349,316
327.755,7630,542
327.835,1729,443
327.957,1102,28
328.006,571,379
328.505,261,55
328.555,618,269
328.584,457,221
328.743,3847,88
329.019,6540,537
329.072,2055,288
329.209,1099,28
329.242,4215,101
329.499,4358,341
329.506,989,79
329.59,1191,1
329.592,252,33
329.749,695,54
330.095,639,53
330.109,1412,104
330.242,971,26
330.462,2468,72
331.001,415,95
331.001,1081,221
331.211,960,262
331.351,1166,26
331.444,344,36
331.504,436,48
331.718,1530,51
332.094,701,102
332.215,348,38
332.355,692,55
332.464,1285,26
332.56,4260,14
332.619,5209,102
332.697,714,52
332.999,689,45
333.005,4040,378
333.053,852,27
333.053,861,143
333.268,875,26
333.334,1270,22
333.443,2093,163
333.443,2662,176
333.748,719,16
333.77,10133,101
334.06,1433,70
334.094,841,178
334.494,442,161
334.963,1812,29
335.246,815,46
335.292,777,541
335.491,694,12
335.59,393,70
335.812,1196,434
335.854,687,42
336.002,3851,127
336.056,4002,471
336.06,3845,161
336.242,1511,495
336.506,9153,308
336.965,694,58
337.21,1236,411
337.211,617,172
337.31,2393,184
337.438,889,37
337.495,680,38
337.552,1230,475
337.799,698,84
337.943,11586,98
338.103,2488,95
338.104,361,59
338.209,956,135
338.347,344,245
338.494,1480,124
338.769,1055,466
339.061,1018,404
339.301,684,55
339.551,1708,129
339.595,763,539
340.003,4287,383
340.062,1863,299
340.194,997,231
340.246,5066,155
340.301,2203,118
340.334,3606,262
340.712,1307,227
340.81,2001,236
340.84,3560,535
340.942,729,114
340.962,8976,177
341.188,454,112
341.275,1628,109
341.301,4086,374
341.938,249,34
342.02,3942,387
342.438,442,170
342.462,1167,77
342.814,1981,539
343.592,11228,252
343.843,1078,25
344.102,1369,118
344.355,634,563
344.742,381,41
344.801,11228,325
345.06,977,1
345.242,1323,43
345.242,2200,116
345.269,1713,111
345.301,2905,112
346.003,1722,27
346.518,2129,125
346.571,1903,477
346.604,4334,352
347.194,3795,148
347.592,3350,73
347.842,4613,92
347.896,1155,609
348.44,315,73
348.745,1205,428
349.442,6631,137
349.551,8814,280
349.961,697,57
350.319,6252,147
350.346,9156,340
351.003,495,182
351.354,3928,256
351.592,684,58
351.746,3850,255
351.812,8821,251
352.338,2107,514
352.341,3851,107
353.352,748,516
354.053,2560,282
354.722,1393,695
354.769,78,4
355.066,1200,1
355.197,715,66
355.21,953,128
355.3,949,104
356.551,1863,137
357.301,1684,343
357.505,446,40
357.551,8814,297
357.752,718,174
357.836,1768,516
358.742,2053,61
359.25,101007,199
359.269,919,8
359.801,992,247
360.395,362,1
361.095,3587,230
361.542,791,371
361.56,3723,20
362.246,902,154
364.005,1714,339
364.208,375,43
364.352,280,1
365.543,1428,27
365.753,131,152
365.825,3502,1154
365.989,1265,36
366.567,59,4
366.599,2444,546
367.264,1499,3
367.312,4734,1264
368.32,699,47
368.761,379,40
368.821,1767,24
369.074,421,85
369.268,2900,81
369.6,839,54
369.771,2213,104
370.085,257,39
370.768,342,37
370.806,247,36
371.509,1247,141
372.023,2163,119
372.209,785,75
372.334,749,417
372.551,346,44
373.248,719,59
373.508,3849,113
373.552,3845,81
375.042,1643,124
375.321,854,108
376.269,4127,12
377.07,1068,98
377.321,1171,86
377.554,2372,8
377.59,878,8
377.754,3929,261
378.098,2058,34
378.504,330,1
378.541,2918,122
378.756,1736,62
379.524,1169,80
379.551,1205,500
379.75,1138,61
379.758,612,269
379.843,727,40
380.041,3983,912
380.073,819,3
380.244,1433,87
380.27,1449,108
380.339,1145,96
380.541,626,230
380.998,3368,119
381.495,8818,299
381.522,8528,74
381.588,1288,134
381.834,6992,290
381.996,1734,152
382.246,977,272
382.738,687,441
382.745,1183,406
383.084,963,137
383.193,890,8
383.799,788,325
383.799,1480,121
383.824,347,31
384.02,258,57
384.073,1146,28
384.246,774,480
384.268,5078,186
384.268,9181,196
385.341,6974,39
385.835,684,40
386.023,1013,325
386.073,3079,532
386.321,8813,235
386.33,1190,69
386.518,1205,404
386.592,1643,75
387.076,1745,28
387.408,1480,120
387.591,1169,88
387.755,4122,316
387.824,680,60
388.001,6855,2
388.075,1445,26
388.197,1807,24
388.247,1236,336
388.322,1464,66
388.519,1310,28
388.647,728,536
388.841,950,28
389.577,1201,26
389.802,1726,24
389.822,1464,75
390.074,4200,95
390.156,819,3
390.586,644,9
390.773,347,33
390.904,3679,119
391.334,876,8
391.349,4841,1327
391.521,247,11
391.742,1433,76
391.755,2980,372
391.835,1865,31
392.027,913,147
392.577,1433,79
392.742,3383,210
392.971,1553,49
393.497,577,49
393.505,345,47
393.525,3945,311
394.816,511,790
395.022,3612,496
395.071,8827,311
395.251,1044,26
395.252,832,25
395.257,1480,145
395.26,748,8
396.099,577,311
396.406,2930,382
396.523,408,108
396.797,986,288
397.004,2371,11
397.085,1131,134
397.395,4788,691
397.522,255,48
397.584,1773,28
397.691,6371,23
397.756,3990,464
397.999,3086,94
398.253,1707,5
398.334,3796,74
398.845,815,57
399.086,6867,259
399.296,1027,21
399.591,2950,142
399.987,690,421
400.753,3755,68
400.775,816,161
400.996,697,58
401.803,11197,382
402.691,345,48
402.753,684,55
402.998,1159,3
403.446,754,809
403.502,2137,144
403.823,367,247
404.324,1011,103
404.505,954,149
404.693,1919,30
404.756,661,1000
405.156,734,26
405.589,1721,27
406.02,1480,138
406.352,5258,678
406.839,366,51
407.022,1205,468
407.312,2314,917
407.345,1682,7
407.59,1270,130
407.591,2900,14
407.907,693,48
408.56,381,111
408.75,1036,52
408.75,704,55
408.838,1387,25
409.651,1231,21
409.819,401,127
409.902,3914,266
410.75,3793,106
412.518,3911,362
412.943,1236,500
413.5,462,73
413.898,1659,97
413.989,23606,1024
414.268,983,148
415.076,1503,89
415.087,2470,77
415.338,2710,1507
415.443,964,85
415.518,1741,24
415.768,842,143
415.898,1464,74
416.768,8843,311
416.942,3360,113
417.342,622,482
417.822,1706,80
417.844,1665,377
418.217,9780,99
419.149,7790,330
419.503,1170,67
419.506,328,81
420.018,1205,312
420.097,514,421
420.098,1372,430
420.253,650,177
420.769,1433,94
421.518,601,533
422.004,615,242
422.492,2255,350
422.503,604,180
422.59,986,453
422.753,1399,168
423.896,819,3
424.499,1036,85
424.753,16632,273
426.249,1192,1
426.752,4288,321
428.254,4428,74
428.894,3771,354
429.144,6982,345
430.312,950,14
430.518,3961,349
431.943,1231,27
432.019,1549,360
432.442,1138,48
434.005,8824,352
434.525,3136,22
434.893,841,131
435.192,554,132
436.894,534,103
438.192,564,383
439.944,1805,28
440.312,819,3
440.489,5962,1190
441.766,942,154
442.421,7993,406
442.944,882,97
443.405,1131,26
443.467,4260,14
444.09,884,479
444.263,5088,96
444.51,381,72
444.762,3456,203
444.772,622,38
444.942,3580,14
444.965,888,28
445.046,3769,71
445.271,1081,28
445.466,411,75
445.547,965,26
445.812,1244,87
445.946,695,58
446.942,855,38
447.062,260,46
447.194,1147,26
447.266,260,55
447.311,962,116
447.311,1093,28
447.32,545,304
447.715,3757,137
447.941,1379,22
448.048,4077,381
448.06,3203,156
448.3,522,1
448.405,1236,62
448.459,903,74
448.472,412,77
449.466,1205,307
449.546,937,124
449.546,3786,104
449.617,1820,27
449.617,1129,26
449.691,964,78
449.81,465,195
450.263,1219,28
450.295,679,75
450.312,1421,81
450.312,1095,26
450.442,1042,164
450.945,1205,50
451.01,1433,66
451.56,263,62
451.761,3505,126
451.941,1080,26
452.017,3895,243
452.154,1310,191
452.154,1172,70
452.465,1480,113
452.69,689,56
452.695,418,42
452.715,9161,322
452.767,1265,28
452.834,258,32
452.944,1288,1
453.021,9157,317
453.024,956,30
453.062,1273,78
453.153,2046,1
453.763,1008,30
453.904,2963,323
453.969,1045,26
454.189,1449,118
454.438,931,69
454.692,1135,26
454.94,3366,96
454.941,687,95
454.994,199,53
455.117,2371,8
455.692,9164,311
455.836,412,99
455.904,490,229
456.06,576,70
456.297,950,160
456.407,3910,289
456.693,9857,115
456.812,695,51
456.834,981,148
457.011,990,193
457.047,2400,1457
457.155,3490,372
457.189,343,25
457.445,686,64
457.563,994,805
457.833,4243,404
457.867,387,102
458.047,10826,65
458.188,1301,250
458.188,8814,328
458.521,374,87
458.546,1754,116
458.622,1178,61
458.692,3851,124
458.715,1231,33
458.715,1464,64
458.744,378,41
458.835,1464,79
458.945,2195,148
459.086,882,134
459.193,1277,15
459.297,608,201
459.834,2888,454
459.835,1242,132
459.946,1361,5
459.966,686,82
460.084,819,2
460.199,984,126
460.2,2258,145
460.246,9157,300
460.31,2092,28
460.311,452,222
460.405,1787,31
460.44,1236,250
460.495,2371,11
460.693,1149,28
461.19,1264,22
461.561,745,132
461.594,854,93
461.864,1612,96
462.061,999,26
462.062,1863,245
462.215,1236,500
462.243,880,8
462.266,4000,318
462.296,896,5
462.59,1169,78
462.715,1433,103
462.837,691,44
463.44,1787,8
463.517,1481,34
463.59,1170,69
463.816,1480,109
463.951,1169,92
464.088,9769,98
464.151,1256,1
464.34,996,231
464.494,11228,248
464.495,4180,115
464.69,345,41
464.767,1236,216
464.768,262,39
465.266,685,80
465.266,945,120
465.438,3939,276
465.443,1446,33
465.59,2626,345
465.817,1721,26
466.044,1361,5
466.15,687,54
466.441,4200,86
466.509,1015,176
466.563,659,130
466.568,3799,104
467.401,1174,90
467.506,3997,339
467.516,620,199
467.651,3756,58
468.151,1553,116
468.508,8827,300
468.546,4397,388
468.697,717,21
468.94,686,41
469.121,2442,244
469.315,1400,24
469.545,2778,373
470.006,783,271
470.016,4135,364
470.063,2882,328
470.068,3917,271
470.316,819,3
470.563,1494,34
470.586,1622,43
470.651,620,18
470.834,794,40
471.563,5273,156
472.067,1714,86
472.248,3887,350
472.261,375,1
472.742,517,614
472.816,964,102
474.261,3799,147
474.297,626,247
474.651,436,222
474.816,97,7
475.258,1659,122
475.293,616,248
475.317,5240,587
475.345,453,165
475.996,4395,466
476.1,1070,24
476.402,6319,163
478.34,794,40
478.403,3982,378
478.651,3343,73
478.902,359,170
479.441,986,893
479.594,318,436
479.902,819,3
482.25,1575,63
482.404,2542,202
482.443,643,1
484.752,4956,157
485.325,210,17
485.943,1192,1
487.51,4718,212
488.403,1698,78
488.741,702,73
489.459,975,1
489.992,1370,69
491.188,229,914
491.266,888,8
491.715,303,37
492.335,2863,2158
493.24,1011,119
494.991,399,143
496.746,347,1000
497.265,907,8
497.692,7771,671
497.759,1221,33
500.315,878,8
501.348,372,193
501.709,5568,536
501.802,840,79
503.316,3051,166
503.864,3631,524
506.815,9339,2170
507.242,891,1000
508.019,335,92
508.62,986,530
509.694,1152,473
510.586,224,16
512.314,720,687
514.042,5284,42
514.199,762,8
517.022,595,600
518.992,604,705
520.015,1465,230
521.756,1124,34
523.244,899,8
525.573,1548,7
526.026,3349,135
527.215,5177,21
529.217,216,91
531.766,1498,26
533.145,3339,59
534.747,707,79
535.456,997,132
535.814,819,2
536.069,832,24
536.713,621,215
536.77,17597,49
537.096,114118,56
537.26,652,241
537.522,1171,67
537.894,3675,108
538.315,3679,115
538.849,3644,494
539.26,1205,318
539.46,11379,374
540.507,1994,26
540.845,345,41
541.696,2898,82
541.817,8817,295
542.143,1170,88
542.444,1402,11
543.094,1749,25
543.546,1464,87
543.709,1784,8
544.695,478,618
545.021,9413,254
545.06,1197,1
546.258,1134,8
546.4,1145,51
546.755,4633,151
546.87,2770,36
546.943,1433,109
547.77,10361,72
547.816,1236,500
548.004,1205,500
548.046,238,1
548.093,349,51
548.865,3664,1309
549.193,6817,17
549.21,9736,199
549.271,460,225
549.864,1171,70
550.303,1249,21
550.341,4623,203
550.509,976,28
551.081,971,28
551.261,2401,12
551.566,1288,1
551.592,2149,188
551.811,1038,718
552.261,1230,2
552.544,6160,162
552.551,126,14
553.095,1278,18
553.266,1622,299
554.067,1236,500
554.116,1356,305
554.757,4062,345
554.774,1325,363
554.96,1132,162
555.258,655,188
555.693,1000,874
555.767,875,8
556.65,1433,23
557.143,7908,161
557.407,759,124
557.962,18217,517
558.02,327,839
558.154,2729,20
558.567,692,60
558.842,2470,68
559.044,1493,25
559.504,1781,35
559.57,3893,268
559.798,6775,149
560.646,4089,356
560.962,1139,115
560.962,1659,103
561.092,437,157
561.295,1411,27
561.843,1162,69
562.154,4260,14
562.302,451,57
562.314,955,73
563.742,322,143
563.798,1236,378
564.816,2662,318
565.401,1177,86
566.044,1127,28
566.401,1797,32
566.459,1205,415
566.867,1760,87
567.066,3924,470
567.366,3045,73
567.504,1814,405
567.545,5820,451
567.713,3851,105
567.754,3998,329
567.904,1027,179
568.961,608,236
569.845,2686,669
570.1,2496,504
571.901,9161,329
572.022,374,118
572.444,978,417
573.688,1347,59
574.563,2939,944
574.797,423,64
575.901,2086,451
576.502,381,134
581.191,1195,1
582.341,2240,104
583.987,5738,8
584.457,1214,1
587.533,344,123
587.564,3136,247
588.561,431,187
589.5,1038,156
590.019,1270,132
590.503,1708,82
590.742,37,1
590.865,1020,91
591.1,77,4
592.753,3328,112
593.446,882,130
597.004,684,39
598.692,9863,106
598.772,3767,159
598.852,931,113
599.442,994,67
599.6,464,64
599.946,1236,149
600.547,315,13
600.855,1433,70
601.525,589,80
601.574,1444,138
601.59,1236,356
601.753,929,88
601.754,819,2
602.257,893,8
602.27,4199,121
602.323,622,611
603.005,2116,30
603.615,837,152
603.859,6125,18
604.196,1628,131
604.362,3054,373
605.009,1109,142
605.505,514,160
606.351,9494,237
606.445,252,16
606.445,1236,500
606.503,561,279
607.329,1208,53
607.945,1236,182
608.443,587,13
608.569,757,8
608.696,815,26
609.007,1172,81
609.069,349,287
609.197,1577,260
609.353,366,134
610.102,1719,58
610.194,7917,301
610.194,3998,329
610.351,889,132
611.692,1786,31
611.944,607,326
612.188,905,8
612.5,2904,95
613.101,1205,434
614.046,1047,90
614.357,1464,88
616.688,368,173
617.084,913,137
617.602,1236,313
619.19,3772,77
619.754,1057,264
619.943,832,26
621.442,1433,85
622.003,2684,430
622.088,1892,81
622.35,2793,379
622.692,266,47
622.692,1236,309
623.505,2158,1
624.049,539,319
624.443,1300,26
624.583,6892,23
625.102,700,53
625.778,4360,568
626.692,1010,85
627.601,941,131
627.693,3691,416
628.339,415,105
630.749,1180,413
631.692,615,158
631.94,11228,272
632.692,1098,158
632.819,1394,93
632.942,2593,377
633.083,987,170
633.956,474,15
635.192,657,63
636.312,895,129
636.6,3345,158
636.901,3592,1
638.339,152,19
639.208,4310,29
640.396,1194,1
641.864,5729,663
642.081,973,148
642.767,1771,25
642.991,1406,110
643.33,3332,72
643.603,348,38
644.459,344,38
645.08,722,19
645.081,2044,106
645.082,257,29
645.602,257,109
646.441,924,19
646.767,4260,14
647.354,7466,194
647.97,314,137
648.021,1738,28
648.266,312,214
651.082,1379,17
651.347,904,8
651.712,6089,100
651.839,427,90
652.101,8813,300
653.055,344,33
653.063,993,1
653.104,725,61
654.273,375,74
655.083,9155,335
655.269,1412,7
655.348,2474,69
655.352,3999,134
655.585,1120,247
656.189,893,8
656.594,2404,8
657.602,1171,241
657.606,3936,241
657.837,1191,379
658.353,3510,504
658.524,5347,191
658.805,1205,319
659.272,286,57
659.522,7746,69
659.523,4375,326
659.695,406,26
659.822,325,53
660.3,756,8
660.348,3357,77
661.024,1761,29
661.024,695,54
661.556,2913,95
661.714,1433,57
661.839,514,15
662.25,2582,856
662.856,4237,376
663.257,611,538
663.521,659,452
663.711,1002,132
663.718,404,138
664.218,1953,252
665.522,5069,395
665.604,692,52
666.083,3940,350
666.357,475,29
667.206,4187,114
667.25,473,1
668.043,5180,14
668.073,331,59
668.5,513,50
668.518,2747,3
670.267,1214,1
670.34,2494,355
670.865,3287,271
671.068,648,70
672.007,251,59
672.253,4180,113
672.253,6108,155
672.254,5493,215
673.587,2062,413
674.74,6124,78
675.253,682,38
676.193,974,1
676.505,4227,99
676.518,4110,423
677.019,344,58
677.043,4017,313
677.093,3814,154
679.709,928,493
680.206,4145,437
680.845,2900,340
680.845,8549,252
680.957,1431,49
681.144,941,869
681.334,659,6
681.799,1824,424
681.994,836,826
681.995,915,671
682.253,1464,77
682.492,1771,30
683.008,1464,65
683.008,857,41
683.488,1194,1
684.198,1612,43
685.691,592,108
685.741,1188,377
685.752,951,26
686.005,2700,3
686.008,4629,59
686.241,4209,104
686.674,2705,477
686.968,550,5
687.469,1352,21
687.823,1799,124
688.053,2784,3
689.492,5241,143
689.837,952,237
690.441,1862,187
690.491,347,37
690.564,393,230
690.958,819,3
691.708,1396,423
692.253,1772,32
692.291,693,49
692.292,1655,9
692.957,713,1
693.792,1628,144
693.991,3681,150
694.215,302,14
694.254,2013,375
694.268,943,111
695.206,1464,71
696.491,1236,500
696.708,202,73
697.55,913,176
697.968,863,472
699.087,2247,129
699.492,3374,145
700.099,538,89
700.793,11197,367
701.248,883,482
702.09,1207,1
702.245,1180,26
702.393,9840,64
702.576,1480,160
702.738,906,8
703.047,4370,337
703.496,253,51
703.585,1479,24
703.745,154,91
704.991,1248,71
705.208,4260,14
706.073,1236,428
706.219,2720,3
706.547,5508,54
706.587,4310,29
707.458,352,99
707.742,1582,31
709.561,1187,39
710.215,919,8
710.441,6122,1444
710.494,3961,359
711.073,3711,484
711.323,386,44
711.334,2403,11
711.749,5940,916
713.243,2488,48
714.269,2667,62
716.461,250,25
717.21,826,40
718.334,694,63
718.461,1183,346
719.742,6793,124
721.072,398,178
724.902,3610,529
726.094,1217,38
727.253,1470,412
729.49,4749,33
731.314,2527,56
731.738,8045,124
732.459,479,271
735.192,1552,15
735.193,1753,428
735.522,1982,372
736.272,1330,379
738.215,749,261
739.621,1495,386
742.244,2673,589
746.094,28889,2183
746.565,638,13
750.072,3456,424
750.596,5517,37
751.188,1602,339
752.272,4310,29
753.26,1194,1
754.339,1464,74
756.269,1219,241
756.335,1274,91
758.589,944,12
758.838,2897,74
758.843,720,18
759.315,241,40
759.589,2903,62
760.521,2770,36
760.699,1965,58
761.337,2137,139
763.044,1029,1552
763.087,4128,343
763.403,3034,442
764.208,2617,73
764.441,2338,376
764.522,3956,336
764.581,2897,830
764.584,3990,1076
765.022,1772,105
765.075,1171,78
765.089,2135,166
765.272,1236,500
765.588,257,46
766.273,3343,153
767.089,1772,275
767.271,4202,186
767.567,772,104
768.053,72,9
770.302,1506,944
770.59,926,8
770.803,745,52
770.82,1170,77
771.246,857,38
771.393,114,7
772.469,878,8
774.082,954,129
774.839,1464,83
775.089,246,53
776.099,616,12
776.553,4457,30
776.553,856,285
776.838,1718,30
776.84,1278,19
777.19,549,80
778.088,957,120
779.088,3506,203
779.34,3947,366
779.837,146,55
780.269,1205,286
780.652,2697,769
780.71,646,257
781.319,1168,82
782.088,933,129
782.251,3328,106
782.472,1275,130
782.894,1024,477
782.968,5791,49
783.09,3905,312
783.496,1250,63
783.496,9193,261
783.589,1170,89
783.829,4157,364
784.21,1191,1
784.581,1480,129
785.144,3465,128
785.291,647,150
785.438,697,68
785.96,3496,124
787.321,3986,302
787.579,718,1
788.25,3588,481
788.266,1916,377
788.462,890,8
790.342,1906,499
790.345,1170,90
790.592,2057,264
791.002,4310,29
791.344,977,1
791.768,385,64
791.991,4171,277
792.008,1896,33
792.319,9177,333
792.819,3760,94
793.001,3628,202
793.011,357,381
793.492,1433,112
793.517,345,37
794.754,1781,11
795.02,1433,72
795.692,9170,282
795.71,1650,85
796.0,344,38
796.091,815,52
796.32,682,112
796.75,692,39
797.19,686,50
798.323,1170,73
798.694,2915,128
798.832,3851,71
798.94,321,23
799.75,8829,366
800.346,3934,342
800.656,1419,299
801.091,1752,304
801.25,296,25
801.46,680,48
802.594,1341,433
802.709,251,55
803.0,2936,500
803.154,954,118
803.154,4637,93
803.321,249,45
803.504,413,106
803.572,1236,387
803.584,683,49
803.75,1016,26
803.94,4019,360
804.0,888,35
804.321,755,8
804.583,852,61
804.69,604,140
804.823,693,53
804.844,1033,28
805.001,4612,62
806.003,3869,337
806.084,5939,2258
806.191,952,139
806.267,1798,28
806.563,797,503
806.767,885,33
807.457,375,334
808.458,2913,176
808.844,1464,54
809.02,1433,71
809.195,1782,33
809.501,1480,142
809.75,2911,108
810.0,1643,70
810.5,1236,400
810.587,3054,388
810.643,3942,272
810.715,7829,70
810.829,3974,333
811.002,903,125
811.07,1012,26
811.319,907,8
811.75,1035,28
811.77,3845,117
811.829,961,70
812.021,3362,118
812.085,1295,39
812.648,4652,110
813.0,254,39
813.145,575,76
813.44,3759,88
813.551,1257,340
814.002,1480,122
814.002,392,69
814.144,3165,131
814.338,1132,26
814.439,1480,177
814.569,3495,295
814.691,573,148
814.901,1650,73
815.319,947,112
815.585,688,43
815.835,881,28
816.021,2491,180
816.33,997,159
816.402,1480,110
816.839,5549,519
817.266,136,16
817.266,924,137
817.338,2214,173
818.336,2615,282
819.339,1350,127
820.644,1449,132
820.695,740,73
821.002,4610,120
821.34,4202,157
821.405,679,62
821.65,1894,23
821.94,8813,347
822.516,9182,276
822.967,3974,420
823.216,1690,147
823.393,4333,459
823.442,8182,617
824.504,2154,204
825.257,510,56
825.901,830,60
826.268,1433,71
826.268,692,43
827.589,1978,1003
828.466,913,297
828.467,1802,35
828.769,606,1
830.003,3885,332
830.334,1646,212
832.021,1053,203
832.334,4209,164
832.694,220,34
833.407,4181,381
833.44,3990,485
833.515,4048,358
834.084,11228,233
834.297,958,110
834.465,1826,429
834.94,2440,469
835.651,3850,182
838.274,29,4
839.397,2629,361
839.688,3650,393
839.84,4142,328
839.845,412,107
841.516,3575,298
842.742,1319,129
842.837,1205,413
843.822,2260,1087
843.829,344,49
844.821,2067,81
845.592,715,18
847.795,857,34
848.07,1193,1
849.582,997,92
851.001,2208,124
851.082,993,128
851.495,1119,26
851.745,1264,28
851.999,4274,383
852.338,7741,180
853.206,716,78
853.329,992,47
853.336,1738,22
855.501,667,87
855.518,1474,681
856.494,180,8
856.841,694,401
856.988,253,33
857.073,2160,244
858.319,664,1
858.338,875,8
858.797,1243,137
858.836,1774,29
859.081,689,55
859.094,7573,241
859.35,3845,87
859.646,658,463
860.329,4345,409
860.819,470,125
861.349,1415,31
861.545,247,18
861.581,2839,434
862.345,528,150
862.519,776,348
862.83,2151,316
863.496,1523,321
864.582,1269,105
864.59,1770,26
864.6,3918,364
865.591,1115,28
865.591,3798,121
865.82,1011,28
865.839,1433,78
865.987,7549,214
866.588,353,73
866.746,3819,141
867.587,1045,26
867.832,178,13
868.354,1433,107
869.573,1175,26
869.755,506,15
869.831,1363,34
869.992,1239,28
870.323,693,48
870.331,4185,95
870.334,4311,1635
871.083,2591,433
871.321,1090,29
871.603,4260,14
873.77,1212,1
873.831,4260,14
873.842,6469,20
874.019,161,13
874.605,3951,314
874.647,155,16
875.822,1464,65
878.794,4283,358
879.574,1681,130
879.904,1623,548
880.147,1158,427
880.19,878,8
880.812,22146,1066
881.822,4280,392
882.19,783,423
882.6,3780,116
883.19,2369,381
883.395,1007,223
884.002,537,29
884.495,797,365
885.488,4049,332
886.266,906,8
886.58,414,67
886.986,1028,225
887.237,1611,350
887.349,3593,413
888.065,947,75
892.466,342,13
893.074,978,509
897.567,1280,402
900.005,2187,104
900.198,3549,197
900.296,152,9
900.443,1466,421
901.084,876,8
901.19,1351,424
902.091,3510,363
906.695,724,275
907.092,668,87
907.492,124743,361
907.768,924,8
911.56,3654,13
913.495,11400,28
915.752,1710,47
916.407,1369,88
916.544,3721,806
917.241,752,8
918.56,1912,38
923.406,3094,417
924.193,368,87
924.653,1134,149
925.256,1060,26
928.446,1438,209
930.151,50649,2159
931.005,247,57
931.895,502,126
931.901,2496,498
932.833,765,251
933.009,656,89
933.648,679,1
933.752,138,73
933.771,2762,363
934.509,1512,56
934.754,3182,108
934.894,229,15
935.253,1072,26
937.266,2708,820
937.496,828,77
937.542,2480,438
938.516,2410,948
939.754,289,78
940.006,466,220
940.084,5238,40
940.15,470,117
940.15,3770,124
940.27,157,88
941.149,887,29
941.369,168,14
941.566,1015,364
942.253,2156,151
942.4,2213,146
943.253,3851,122
943.647,690,41
945.207,2489,381
945.441,279,19
945.646,250,51
946.829,974,122
947.406,1464,54
950.341,3849,730
950.394,1254,73
950.903,1183,346
950.903,4607,127
951.394,855,42
951.895,5224,58
951.895,443,136
951.967,5787,1215
952.462,127,157
952.994,952,214
953.648,2980,362
953.903,1236,435
954.144,900,386
954.968,1273,397
955.527,813,84
955.718,2978,587
955.904,3004,304
956.445,2466,433
956.893,5560,49
958.824,1456,379
959.569,928,24
959.767,3755,65
959.814,5750,142
960.016,4611,201
960.995,482,143
961.147,494,8
961.716,7211,227
962.058,280,34
962.494,1718,66
962.691,453,13
963.488,3674,211
963.708,256,30
963.8,2105,1
964.016,1387,27
964.894,1001,385
965.315,3799,177
967.301,725,24
967.801,1169,77
968.245,1464,62
968.5,2602,534
968.551,378,32
968.768,1401,32
969.854,1536,29
970.057,872,132
970.079,1398,8
970.564,1754,29
970.746,719,22
971.518,685,53
971.768,1406,67
972.057,1784,27
972.273,3791,136
973.209,2270,29
973.27,344,254
974.519,2260,93
974.698,978,668
975.054,3539,71
975.646,1020,401
975.814,4122,434
975.84,3776,84
976.104,956,163
976.218,1205,399
976.508,2643,3
977.09,1759,25
977.246,6129,17
977.601,5452,254
977.801,4649,187
978.55,689,50
978.747,701,52
978.766,3794,133
978.766,470,115
978.854,25562,7
979.59,641,213
979.718,1831,28
980.017,1649,88
980.053,3958,316
980.101,249,48
981.02,803,75
981.206,252,29
981.24,2884,4
981.313,501,278
981.709,4197,149
981.737,151,18
982.016,877,178
982.723,8843,339
984.022,2902,103
984.97,9155,305
985.551,2619,524
986.02,2955,302
986.268,6855,2
986.582,2402,12
986.969,681,55
987.079,1480,133
987.211,359,97
988.099,1510,33
988.192,3885,795
988.475,964,26
988.852,3851,141
989.32,1627,1143
990.101,3977,543
990.349,899,502
991.006,436,20
991.519,1705,306
991.822,2110,359
991.837,1660,20
992.601,258,53
992.842,2270,29
993.002,824,177
993.853,4331,567
994.217,344,29
994.268,502,98
994.357,1304,222
994.468,3884,286
995.115,1932,319
995.971,4260,14
996.313,223,105
996.593,687,46
996.768,634,145
997.299,563,16
997.33,1222,100
997.768,1523,345
998.329,682,53
998.591,1946,42
1000.151,1785,484
1000.218,4062,483
1000.943,3587,291
1003.9,2059,9
1004.004,876,8
1004.744,2659,3
1005.005,97,16
1006.832,452,237
1011.773,4144,393
1012.19,986,499
1013.456,1662,437
1014.27,807,348
1017.001,624,41
1017.656,7024,1667
1019.896,1625,637
1020.501,1464,62
1021.262,4384,18
1021.746,2726,3
1023.047,2362,136
1025.154,9773,95
1025.547,1517,156
1026.198,1237,135
1026.708,118,16
1026.739,1218,223
1027.003,1174,91
1027.143,1323,236
1027.447,1784,47
1028.945,1011,119
1029.795,659,189
1029.815,4312,22
1030.508,3000,877
1031.446,3845,119
1031.446,2270,29
1031.502,6981,92
1032.446,1193,26
1032.506,1056,442
1032.844,579,161
1033.94,1020,26
1034.241,998,1
1034.592,1078,26
1035.003,366,218
1035.59,965,75
1035.942,1205,405
1036.795,755,25
1037.081,4195,68
1037.334,643,145
1038.151,3072,333
1038.569,1784,8
1039.819,300,100
1039.842,2447,362
1040.066,1397,543
1040.697,1659,125
1041.292,1175,112
1041.447,3211,380
1042.27,5518,336
1042.819,1094,26
1043.592,574,68
1043.949,110,17
1043.988,1119,28
1044.041,819,109
1044.079,1425,5
1044.344,2371,8
1044.344,258,73
1044.696,1175,78
1044.987,1797,31
1045.195,2909,71
1045.987,3851,94
1046.086,563,65
1046.341,4291,375
1046.493,558,1
1046.741,5118,442
1046.795,928,8
1046.902,1471,31
1047.096,2739,297
1047.097,689,61
1047.569,264,25
1048.239,950,140
1048.342,990,187
1048.444,967,26
1048.503,2672,283
1048.844,1763,408
1049.091,1433,76
1049.092,997,172
1049.099,407,72
1049.198,1162,30
1049.293,1068,28
1049.593,4093,471
1049.848,963,82
1050.32,347,40
1050.402,9523,284
1050.622,1540,607
1050.833,2270,29
1051.697,887,41
1051.769,1547,459
1051.834,6143,16
1052.194,1165,68
1052.333,770,426
1052.345,2270,29
1052.592,502,155
1052.598,1037,26
1052.835,364,56
1052.987,3845,50
1053.092,660,74
1053.344,1480,143
1053.541,1050,131
1053.542,1236,500
1053.576,1656,290
1053.696,647,138
1053.829,3920,272
1054.152,3784,137
1054.197,229,1
1054.197,3851,129
1055.073,2501,94
1055.248,1967,476
1055.541,2562,430
1056.096,1169,72
1056.487,9155,304
1056.814,2161,20
1057.062,2977,448
1057.155,4240,110
1057.156,4096,334
1057.581,1200,26
1057.832,377,32
1057.833,1464,60
1057.845,1201,95
1057.995,1982,398
1058.118,4639,135
1058.292,4046,336
1058.331,684,53
1058.845,401,276
1059.069,1420,105
1059.238,9163,267
1059.333,344,37
1059.339,3798,113
1059.402,3373,83
1060.597,248,38
1061.089,6892,23
1061.24,2270,29
1061.319,2195,84
1061.405,662,206
1061.541,4156,587
1063.582,890,8
1064.576,1205,500
1065.24,2942,84
1065.994,7057,146
1066.445,1111,468
1066.904,1183,316
1067.1,717,16
1067.867,3851,137
1067.993,549,6
1068.551,1182,168
1070.241,3602,244
1070.349,398,61
1071.117,3791,119
1071.118,693,56
1071.368,9163,297
1074.098,370,256
1074.594,3506,353
1075.1,4505,343
1075.519,1531,96
1076.291,693,47
1076.364,2735,952
1076.944,3313,352
1077.324,1752,54
1079.865,1433,76
1080.043,3052,1069
1080.251,3410,72
1083.521,603,84
1084.65,1184,20
1086.569,1188,388
1087.365,1272,269
1089.794,42950,1139
1091.842,692,15
1092.215,1318,430
1092.614,2359,503
1093.301,286,18
1093.492,707,122
1093.591,636,26
1094.322,3993,423
1096.302,966,468
1098.854,2575,623
1099.046,5452,285
1099.739,402,25
1100.196,583,471
1102.303,1180,91
1104.41,895,8
1104.511,389,35
1104.601,903,8
1104.744,1338,569
1105.249,394,1192
1107.069,3653,176
1109.002,468,374
1110.146,1194,1
1111.069,986,398
1116.206,836,364
1117.024,1217,1
1117.542,982,28
1118.315,9866,5587
1119.754,2389,486
1120.741,3647,126
1120.813,950,453
1120.865,2258,63
1120.894,1814,146
1121.491,2173,104
1121.643,826,232
1122.247,2610,302
1122.493,3051,402
1122.795,2370,8
1123.144,1731,27
1123.393,2190,108
1123.593,256,52
1123.621,3358,109
1123.819,4260,14
1125.813,539,69
1127.064,288,35
1127.335,333,9
1128.619,2336,183
1128.697,1156,531
1130.647,3359,84
1130.768,2419,357
1131.149,426,88
1131.253,2669,3
1131.326,684,49
1131.737,727,20
1132.364,882,81
1132.594,8814,294
1132.603,1241,111
1133.073,476,102
1133.086,1078,19
1133.103,1171,77
1133.894,1236,500
1133.987,1930,29
1134.041,704,50
1134.266,3256,604
1134.571,4713,158
1135.041,2314,95
1135.092,255,58
1135.092,604,121
1135.143,1638,139
1135.192,148,20
1135.842,3054,409
1135.864,1146,1
1136.794,994,552
1137.6,961,169
1138.042,4754,380
1139.541,2106,1
1139.893,351,31
1140.645,1168,64
1140.749,1087,531
1141.091,691,38
1141.571,3938,387
1141.844,1730,29
1141.866,1162,97
1142.07,1464,91
1142.82,207,7
1142.847,988,118
1143.349,346,44
1143.573,1494,376
1143.6,385,91
1143.652,1390,228
1144.026,556,162
1144.291,3375,155
1144.84,993,92
1144.845,1775,82
1145.291,3851,101
1145.591,246,42
1145.841,1433,47
1145.988,4194,303
1146.618,3919,365
1147.239,1205,378
1147.59,3842,569
1148.24,994,121
1148.589,2403,8
1149.041,1267,378
1149.35,2929,81
1149.896,10044,1381
1150.441,382,45
1150.737,1149,142
1151.562,360,1
1151.737,701,48
1152.197,1163,179
1153.026,122,5
1153.602,307,13
1153.988,1516,25
1154.105,1205,348
1154.441,925,20
1154.592,3203,158
1155.467,879,8
1156.093,2356,449
1156.093,4035,478
1156.099,1213,1
1156.105,904,136
1156.32,906,159
1156.491,368,141
1157.103,589,385
1157.271,3534,684
1157.336,3343,579
1159.106,1607,403
1159.819,2171,500
1159.99,854,33
1161.27,695,74
1161.756,1043,573
1162.292,789,344
1162.742,1236,293
1163.3,154,7
1164.242,2948,352
1165.775,634,12
1167.322,4115,357
1167.988,1205,414
1171.546,5510,286
1172.438,2688,73
1173.294,1386,66
1173.488,1847,998
1174.079,766,103
1174.579,598,80
1179.794,0,105
1181.149,2186,699
1182.988,702,90
1183.901,6116,1350
1183.996,1275,148
1184.842,3493,1
1186.267,927,22
1189.462,687,70
1189.494,3633,622
1189.815,1870,1023
1192.714,4798,419
1192.755,5884,33
1193.568,306,21
1194.255,899,17
1198.271,999,1
1198.367,362,11
1199.737,769,8
1202.501,278,1
1202.505,252,8
1202.969,901,607
1204.75,3018,454
1204.841,324,88
1205.207,1197,1
1206.083,3574,136
1207.27,2597,496
1208.243,986,595
1208.307,1124,368
1210.402,425,56
1211.541,550,229
1216.343,2641,3
1218.487,399,9
1219.065,116,51
1221.002,29385,2694
1222.104,5311,55
1222.394,3774,531
1223.302,2702,402
1224.9,970,13
1225.008,1024,77
1226.104,5497,13
1227.089,1447,448
1229.293,1836,22
1231.27,2664,526
1231.623,362,64
1233.079,1532,763
1234.249,669,68
1234.366,535,75
1236.829,3747,118
1237.249,1198,1
1238.814,550,30
1239.501,893,8
1240.94,2872,388
1241.715,418,152
1243.65,872,432
1245.986,672,10
1246.94,1692,163
1250.049,1011,127
1250.096,1198,1
1258.266,2935,365
1258.312,2663,341
1261.301,1189,1
1261.59,1017,6
1262.744,292,1
1263.322,6144,33
1266.188,385,88
1266.312,678,76
1267.088,1148,259
1268.767,1622,39
1270.844,367,35
1271.592,963,497
1272.119,730,12
1272.294,361,90
1274.547,597,357
1274.848,586,1
1279.849,840,1
1280.591,1535,368
1282.099,1899,654
1282.842,913,158
1285.257,877,8
1286.502,2613,502
1287.069,3126,273
1288.313,299,13
1289.583,248,28
1290.945,115,13
1291.263,6537,219
1292.898,1232,714
1293.193,1071,65
1297.004,3666,940
1297.446,3637,360
1300.831,904,78
1303.857,71,4
1304.491,906,8
1305.519,2872,914
1307.709,3848,1335
1309.02,1536,98
1309.504,733,79
1309.738,840,1
1309.942,1688,69
1311.405,2045,430
1313.843,75,5
1315.994,232,16
1320.267,889,577
1321.832,2073,512
1323.799,2154,13
1323.894,112,6
1325.06,1211,1
1326.748,2741,362
1328.241,34839,2076
1329.268,926,8
1331.0,1205,16
1332.347,4374,423
1335.334,606,57
1336.504,1356,435
1337.251,1194,1
1338.272,896,8
1338.584,409,65
1338.752,956,391
1339.335,2590,397
1340.046,1207,451
1340.196,533,7
1340.269,876,8
1341.77,2068,9
1343.311,6130,215
1346.94,3570,462
1348.275,879,8
1348.5,590,1
1348.5,2759,252
1349.207,708,61
1349.44,256,37
1349.519,874,26
1350.75,3851,107
1351.089,1451,326
1351.769,1209,26
1352.44,1142,28
1353.069,1826,58
1353.1,1325,564
1353.209,695,57
1353.216,1688,372
1353.594,1202,20
1353.743,2539,946
1353.815,2302,38
1354.311,4183,121
1354.501,2210,992
1354.616,801,43
1354.746,146444,2184
1355.311,7061,127
1355.715,1408,26
1356.19,486,196
1356.191,609,10
1356.653,860,257
1356.714,1263,34
1356.75,1433,56
1357.836,1433,52
1358.087,1021,140
1359.501,1464,82
1360.316,6473,295
1360.694,959,248
1361.084,919,26
1361.247,76,4
1362.06,898,26
1362.06,1000,29
1362.822,1449,75
1363.19,4368,364
1363.21,2266,125
1363.394,6198,27
1363.586,563,139
1363.77,1235,81
1363.77,1881,32
1363.998,579,158
1364.0,645,139
1364.005,260,49
1364.086,2136,172
1364.121,6118,31
1364.25,3851,138
1364.5,3350,165
1364.941,3338,102
1365.075,976,1
1365.5,2213,114
1365.5,263,42
1365.564,1464,52
1365.941,732,151
1366.002,653,238
1366.069,370,103
1366.469,964,77
1366.75,3848,99
1368.003,4043,304
1368.249,263,46
1368.341,9201,344
1368.342,9488,371
1368.69,980,171
1368.939,440,250
1369.855,134,69
1370.06,698,48
1370.56,978,513
1370.693,260,35
1371.07,2046,818
1371.209,8721,97
1371.591,3323,666
1372.517,726,136
1372.845,2116,866
1373.08,956,178
1375.499,3909,369
1375.506,4112,1023
1375.58,978,759
1376.207,1433,67
1376.25,713,453
1376.693,1236,301
1376.708,484,278
1377.44,4754,344
1377.441,1205,269
1377.838,3921,378
1378.001,2373,8
1379.249,697,35
1380.688,3906,973
1381.072,663,23
1381.249,4362,503
1381.464,2055,500
1381.588,524,15
1381.588,3203,105
1381.697,543,300
1381.75,778,144
1382.77,1163,240
1384.218,869,54
1385.56,2816,271
1386.264,1236,271
1387.565,3511,308
1390.005,2120,716
1390.492,10107,528
1391.245,6182,371
1391.256,5928,789
1391.256,3950,293
1391.754,2191,53
1391.991,1107,179
1393.46,357,9
1393.835,3580,1047
1394.005,1344,25
1395.151,451,143
1396.118,9801,91
1396.999,110,20
1398.09,4531,102
1399.088,502,108
1399.492,2516,440
1399.758,1173,80
1400.51,949,157
1401.188,906,8
1402.65,693,48
1403.069,1305,513
1405.393,1198,1
1405.718,1236,299
1407.339,2923,409
1407.741,4740,82
1409.546,929,405
1410.019,977,26
1410.222,344,27
1410.519,884,35
1410.971,1507,28
1411.34,1802,17
1411.768,1233,266
1412.903,913,110
1413.089,3851,142
1413.652,134,69
1414.262,3552,436
1414.769,4618,104
1415.219,3999,261
1417.218,1194,28
1417.337,4184,67
1417.518,1082,126
1417.548,169,61
1417.594,1282,8
1418.153,2537,277
1418.344,1480,122
1419.311,759,7
1420.335,1167,79
1421.335,755,8
1422.196,780,329
1422.551,1877,705
1422.588,727,29
1422.941,1944,128
1423.087,347,42
1423.817,3782,537
1426.188,2594,345
1426.215,3848,116
1427.465,9503,324
1427.623,329,59
1427.716,9173,326
1428.587,487,145
1429.769,1125,296
1431.691,846,426
1434.461,2966,368
1434.718,1693,7
1435.218,645,178
1435.25,986,1
1435.349,4372,560
1435.972,8817,339
1439.593,1081,86
1441.741,1653,143
1443.741,6359,42
1446.023,1194,1
1446.085,51938,663
1446.648,1304,353
1447.47,2268,898
1448.8,1953,1009
1449.07,2681,558
1451.198,693,413
1451.74,2274,421
1451.834,679,90
1453.957,6244,116
1455.023,241,40
1459.189,1894,419
1460.523,1861,486
1461.834,1201,19
1462.554,247,8
1466.994,4740,17
1469.145,1435,378
1469.56,1897,695
1472.329,664,13
1475.364,4893,1007
1479.095,1196,26
1481.692,1080,80
1481.742,1565,373
1482.118,4701,979
1483.319,331,4
1484.241,2774,974
1488.441,153,1
1490.06,9784,97
1490.852,3586,588
1491.556,1637,381
1492.065,2879,512
1492.599,814,462
1492.842,2409,360
1494.19,326,24
1494.206,2512,706
1495.298,976,1
1495.904,3777,3597
1496.599,430,11
1499.076,469,28
1503.009,978,1
1503.6,1617,467
1503.647,3170,608
1504.342,129,261
1505.336,1071,299
1508.941,131,11
1512.319,2247,347
1520.2,776,8
1521.575,1192,320
1521.999,2593,470
1522.505,1859,792
1522.505,2478,718
1523.087,1635,328
1523.339,7579,3148
1526.504,20257,612
1528.5,919,8
1531.31,1334,430
1532.211,913,68
1534.85,4602,566
1535.06,681,22
1535.311,260,50
1535.942,1977,26
1536.313,4980,376
1537.316,1271,26
1537.867,4437,99
1538.492,3447,303
1540.591,4382,834
1543.565,1896,1
1544.193,906,8
1545.768,1061,683
1545.798,648,11
1546.469,1464,475
1546.813,7843,191
1547.06,1796,29
1548.707,8233,47
1549.06,1169,79
1549.445,266,31
1550.561,760,35
1551.19,9972,82
1551.255,436,1
1551.943,627,10
1553.987,2372,113
1554.312,345,31
1556.56,1205,460
1560.814,2897,64
1560.894,412,1
1561.563,1009,878
1564.257,2534,754
1564.439,5038,154
1565.814,4375,551
1565.832,20385,361
1566.063,1168,72
1567.341,923,8
1567.62,3677,513
1568.083,723,426
1569.046,908,421
1569.062,2557,298
1576.0,1976,83
1579.44,1185,141
1580.329,247,11
1582.053,578,169
1583.367,259,41
1583.826,6850,14
1586.071,3758,113
1586.255,634,85
1586.322,883,73
1586.487,9294,465
1586.591,1795,29
1587.064,4398,324
1587.072,1469,81
1587.298,1474,381
1587.576,532,69
1588.076,2136,2
1588.323,693,42
1588.341,1011,28
1589.122,937,28
1589.457,29857,544
1590.447,3147,467
1591.06,1006,130
1591.076,1243,3
1592.823,988,248
1594.06,2668,519
1594.56,3631,414
1594.592,1169,26
1595.06,683,72
1595.076,1480,110
1595.095,1824,32
1595.219,2932,94
1596.811,248,34
1596.822,1205,327
1596.841,1031,28
1596.971,3649,98
1597.06,1171,68
1597.35,2144,556
1597.572,1003,28
1597.97,1166,26
1598.319,1205,381
1598.367,3925,399
1598.619,1034,28
1599.549,2335,1009
1600.47,1433,57
1600.819,815,36
1601.719,421,134
1601.819,383,81
1602.094,3315,497
1603.07,7814,318
1603.094,1433,84
1603.269,2604,385
1603.57,855,39
1603.619,807,374
1604.118,4209,145
1604.371,251,45
1604.717,3365,158
1604.993,1113,306
1605.368,3756,121
1605.83,1537,393
1606.942,584,16
1608.37,1236,500
1608.691,1566,31
1609.0,4495,40
1609.468,4537,290
1609.555,9770,79
1609.573,2099,121
1609.821,37440,60
1609.87,925,144
1610.077,4310,29
1610.738,613,134
1610.765,1246,329
1611.074,344,110
1611.567,1586,438
1611.97,1890,34
1612.469,1872,383
1612.572,344,78
1612.992,2695,488
1613.098,4470,365
1613.098,10270,596
1613.47,2310,426
1614.046,1340,287
1614.621,1480,109
1614.822,2630,372
1614.845,719,32
1615.368,4010,282
1615.574,251,49
1615.581,3269,283
1615.824,972,90
1615.867,858,47
1617.072,4258,380
1618.494,1290,265
1619.07,1205,429
1619.149,3593,171
1619.77,5420,876
1620.496,587,12
1620.843,3811,461
1620.994,0,16
1621.199,290,31
1622.508,3582,231
1622.83,613,116
1623.816,8817,310
1625.293,154,15
1628.245,2256,11
1628.342,327,65
1628.372,873,8
1633.758,434,66
1634.254,2843,46
1634.561,4236,447
1636.25,770,8
1636.94,767,248
1647.147,517,261
1647.711,2646,444
1648.849,637,244
1650.252,1949,982
1651.07,1361,23
1651.746,2881,235
1653.493,1582,302
1654.002,111,25
1654.297,877,8
1654.465,878,8
1654.815,937,21
1654.941,763,561
1655.716,478,19
1656.041,1200,1
1658.546,2415,373
1659.329,154,8
1660.719,1581,197
1663.94,585,9
1664.043,4310,29
1664.812,346,55
1665.395,2534,529
1666.992,4887,375
1667.063,865,135
1668.063,722,18
1668.69,1402,32
1668.742,944,15
1668.817,671,83
1669.487,1274,404
1669.793,1464,65
1670.812,5947,10
1671.647,1988,326
1672.079,412,30
1673.19,635,159
1674.941,716,17
1675.866,1119,130
1676.055,1197,117
1676.365,376,30
1676.438,1061,153
1677.047,5552,204
1677.562,855,40
1677.617,6993,10
1677.794,7023,101
1677.817,699,54
1677.972,1448,419
1678.44,3888,325
1679.364,942,150
1679.592,1293,20
1679.75,1162,320
1679.865,2908,72
1679.957,1568,480
1680.115,4191,133
1681.304,756,8
1681.616,1169,78
1682.616,2815,354
1683.342,1205,193
1683.371,428,80
1683.471,241,32
1683.692,1171,83
1683.944,722,17
1684.262,250,47
1684.77,2705,499
1685.25,682,54
1685.441,1236,233
1685.942,462,67
1686.044,411,23
1686.364,3851,114
1686.814,1433,91
1686.94,1941,418
1687.365,261,44
1687.441,247,38
1688.193,1480,166
1688.692,490,287
1688.897,1546,188
1689.005,603,140
1689.551,223,3
1689.615,58,3
1689.615,377,34
1689.941,1200,1
1690.101,878,363
1690.365,344,204
1690.442,1236,500
1690.864,380,83
1691.005,344,136
1691.097,433,200
1691.254,1464,62
1691.254,260,35
1691.335,686,52
1691.346,446,183
1691.51,681,59
1691.763,1071,84
1692.063,9157,329
1692.441,1602,33
1692.835,1154,45
1693.098,3493,253
1693.443,372,184
1694.553,2297,347
1694.592,347,32
1695.096,5219,31
1695.105,3809,148
1695.293,1295,249
1695.543,412,76
1695.75,1464,79
1696.091,1618,967
1696.241,447,30
1697.006,1862,340
1697.008,1171,88
1697.255,1863,206
1697.342,1135,131
1697.593,1166,76
1697.692,3975,377
1697.941,6210,57
1698.042,3850,172
1698.341,470,89
1698.497,192,48
1699.006,667,97
1700.061,622,142
1700.252,1297,328
1700.336,2554,323
1700.842,417,69
1700.842,1926,129
1701.083,1201,1
1701.692,8814,305
1701.796,3925,317
1703.442,3851,117
1703.592,271,46
1704.843,1480,93
1705.372,1839,29
1705.693,2408,901
1705.75,6867,320
1705.973,1962,29
1706.693,1971,544
1707.259,1172,75
1707.718,1253,28
1708.007,45708,95
1708.753,1744,26
1708.842,1179,479
1708.976,1449,117
1709.007,695,38
1709.119,730,27
1709.334,10059,85
1710.071,735,339
1710.5,1069,26
1711.868,448,126
1712.72,1183,345
1712.867,1276,161
1713.47,697,17
1714.002,3921,240
1714.72,1032,28
1714.944,2258,1030
1715.0,392,250
1715.005,8814,397
1715.719,1323,28
1715.75,925,19
1715.867,1087,289
1715.974,1108,114
1716.191,114,14
1716.293,3962,357
1716.504,887,32
1717.342,2578,381
1717.504,641,110
1717.755,3929,285
1718.352,2473,205
1718.621,2309,391
1718.621,3918,399
1720.715,952,99
1721.588,455,396
1722.005,247,12
1722.069,3392,986
1722.25,669,342
1722.505,795,25
1723.248,754,8
1724.105,1203,410
1725.247,557,4
1726.567,3055,305
1727.342,876,8
1728.147,1213,1
1728.575,1164,1324
1728.768,2647,293
1729.193,10715,80
1729.719,366,115
1730.304,4618,162
1730.58,3557,544
1731.0,2709,572
1732.6,410,69
1733.55,2093,321
1735.042,2709,408
1736.945,562,1
1737.046,2721,450
1737.719,3860,219
1737.944,430,73
1738.472,8681,97
1738.987,3695,1036
1740.804,2305,917
1743.258,1311,381
1743.691,1511,550
1747.695,384,138
1748.868,380,118
1749.089,976,158
1749.94,1145,105
1750.994,2100,559
1759.546,3680,505
1760.806,1058,94
1762.337,3720,304
1765.753,1415,1394
1766.241,8344,352
1766.646,157,77
1766.709,2054,34
1767.005,6846,247
1770.086,1086,148
1772.565,1797,370
1775.334,2332,259
1775.771,1025,58
1775.771,377,9
1779.841,714,164
1781.944,3476,928
1782.319,927,200
1783.094,627,328
1783.194,864,301
1784.193,127,22
1785.75,693,154
1789.8,1066,196
1790.081,448,58
1791.547,3343,112
1794.546,1839,33
1795.329,6975,443
1796.297,1803,30
1798.211,10122,447
1798.296,690,48
1798.738,4211,80
1799.491,3377,121
1799.829,4088,442
1800.242,232,1
1800.491,1122,792
1801.242,260,56
1801.739,3329,90
1802.799,892,83
1803.017,1868,325
1803.365,156,17
1803.547,3680,114
1805.053,1520,22
1805.717,4791,1038
1806.081,967,193
1806.256,490,1
1806.303,97,7
1808.55,8824,365
1809.241,1667,173
1809.803,3761,74
1810.562,234,68
1810.59,1295,200
1810.964,996,80
1812.542,260,14
1813.898,276,16
1814.541,261,16
1814.71,379,122
1814.812,267,14
1815.25,296,227
1816.969,751,466
1817.593,749,304
1822.793,742,135
1823.404,1457,447
1824.206,5259,1493
1824.268,6285,386
1824.519,337,9
1826.579,5791,300
1828.006,1531,436
1829.217,763,105
1832.992,1193,1
1834.446,2443,371
1834.83,1118,26
1834.987,4027,305
1835.554,8096,170
1837.506,2285,982
1837.987,0,37
1838.042,152,14
1838.831,1169,78
1840.004,3677,128
1841.021,3779,76
1842.008,1295,19
1842.599,2589,251
1843.502,699,34
1844.347,1403,1
1845.256,875,50
1845.688,2192,518
1846.069,992,181
1846.503,1784,31
1846.829,1433,76
1847.83,689,49
1848.655,1656,61
1848.772,2929,68
1848.849,3877,438
1849.319,4224,382
1849.33,7383,281
1850.297,682,55
1850.599,2435,1041
1851.253,3799,77
1851.438,384,139
1852.272,6848,11
1852.694,4566,548
1852.905,398,63
1853.852,839,1
1854.069,885,31
1854.079,9170,317
1855.296,1941,24
1855.394,2646,4651
1855.546,855,40
1855.798,1236,299
1856.019,344,27
1856.106,687,50
1857.603,2111,39
1857.812,9775,103
1858.084,2402,8
1858.085,1214,1
1858.518,852,45
1858.583,370,102
1859.654,1998,283
1859.77,124,7
1860.001,695,5
1860.107,977,1
1860.25,904,8
1860.268,3769,131
1861.268,1166,85
1862.332,3762,78
1862.859,344,162
1863.603,3782,109
1863.689,1214,435
1864.404,815,30
1864.586,2283,71
1864.772,4073,269
1865.802,5192,77
1865.82,608,83
1866.272,3203,179
1866.332,1753,24
1867.407,7073,449
1869.024,4296,487
1869.574,1785,8
1870.194,281,78
1871.074,13719,6
1871.797,945,267
1872.326,9157,299
1872.823,344,116
1874.33,7114,157
1875.561,548,300
1875.653,2607,357
1876.296,900,474
1877.023,3641,416
1879.048,4208,104
1879.155,1205,500
1879.3,1174,93
1879.594,29881,31
1881.005,581,24
1881.77,634,81
1882.319,576,87
1882.549,1009,1698
1883.337,147,20
1884.054,1673,440
1884.441,368,165
1884.572,3198,84
1885.025,331,58
1885.294,1973,505
1885.751,5773,14
1886.798,1480,172
1889.329,1566,611
1891.298,9157,282
1891.396,320,13
1892.193,2108,906
1894.44,1402,264
1894.465,654,65
1895.584,374,45
1903.019,8431,865
1904.544,3622,608
1905.297,4099,404
1907.993,131,15
1908.095,1200,1
1909.963,953,1
1910.994,5399,72
1911.19,251,20
1914.851,1177,277
1916.342,637,14
1918.519,2928,432
1919.31,3288,3345
1922.742,2506,413
1926.085,1453,408
1926.801,1579,56
1927.07,1198,1
1928.586,347,35
1929.691,6392,238
1931.109,1195,1
1931.114,1370,412
1932.07,2379,409
1933.065,3983,965
1933.592,1167,85
1933.753,943,472
1934.151,1477,27
1934.842,453,88
1935.004,1740,30
1935.758,977,67
1936.398,1116,73
1936.562,716,43
1936.815,1480,148
1938.5,4053,333
1939.409,613,149
1940.066,2202,441
1941.157,1399,29
1941.842,8550,174
1942.398,4642,119
1942.593,2698,276
1942.837,1756,30
1942.989,2014,391
1943.06,1534,41
1943.25,691,47
1944.002,2930,77
1944.321,97,7
1944.465,5380,23
1944.897,7936,143
1944.994,9160,435
1945.002,4408,305
1945.021,1014,350
1945.591,1480,137
1945.836,1172,71
1946.028,5484,461
1946.246,805,148
1946.82,691,58
1947.618,2598,819
1947.844,1938,431
1948.063,756,28
1948.575,688,71
1949.409,810,110
1949.845,2809,574
1949.941,9807,96
1950.146,3813,115
1950.245,4184,71
1950.246,1170,75
1950.607,2673,491
1951.353,1563,45
1951.566,4260,14
1951.894,346,43
1952.393,946,100
1953.005,2213,152
1953.313,955,26
1953.893,1012,26
1954.143,987,28
1954.505,4605,67
1955.084,1852,429
1955.854,2270,133
1956.354,1192,69
1957.239,4260,14
1958.273,3061,44
1958.744,4298,330
1958.744,8820,327
1959.062,1018,122
1959.147,1433,63
1959.194,5410,480
1959.906,4136,368
1959.988,260,43
1960.313,881,124
1961.503,1205,500
1961.653,1844,29
1962.24,694,48
1963.397,1208,21
1963.543,3527,253
1964.94,693,408
1964.966,17684,4096
1965.819,774,479
1966.119,124,27
1966.253,921,8
1967.155,459,44
1967.59,2068,249
1968.65,344,298
1968.839,5634,44
1969.793,748,328
1970.589,5568,1439
1970.754,2202,71
1972.543,394,49
1973.345,2320,458
1974.804,1917,463
1976.315,774,260
1976.75,404,130
1978.893,1034,365
1978.99,4827,276
1979.333,1850,37
1980.499,1162,438
1981.553,2229,489
1982.084,301,11
1982.118,1187,1
1982.599,2897,353
1985.114,1149,768
1985.296,413,1
1985.499,156,3
1985.499,717,1
1987.709,3485,310
1987.792,582,351
1989.073,978,444
1991.314,147,15
1992.056,2044,505
1992.094,720,38
1992.842,1350,312
1994.019,1779,321
1994.398,660,102
1994.582,5764,24
1996.942,151,19
1998.59,2020,142
1999.31,2964,948
2000.58,5741,18
2003.766,2565,315
2004.44,780,91
2004.842,6583,59
2005.393,2371,8
2006.099,544,134
2006.145,687,65
2006.848,1142,366
2007.394,2997,143
2009.1,1449,126
2009.502,1433,897
2009.896,375,125
2010.15,1113,26
2010.768,466,130
2010.94,536,63
2012.649,1667,282
2012.941,976,1
2013.845,642,249
2014.153,1641,497
2014.398,3805,119
2014.897,937,19
2015.149,832,27
2015.597,10489,146
2016.269,1205,379
2017.244,1195,1
2017.691,808,274
2018.647,1055,26
2019.313,540,65
2019.956,739,424
2020.15,1814,28
2020.751,2069,9
2021.053,1179,19
2021.517,1236,326
2022.696,455,10
2023.521,3771,126
2024.148,573,99
2024.148,1474,30
2024.575,879,8
2024.773,12321,196
2026.81,6024,1045
2027.649,3007,388
2027.895,1298,25
2028.601,1630,307
2029.025,2296,598
2031.965,3204,82
2032.0,2917,965
2032.023,9177,228
2032.331,3551,169
2033.272,979,341
2033.296,3459,541
2034.243,1672,438
2034.94,3682,190
2035.193,1184,1
2035.366,635,666
2039.8,5233,509
2041.301,825,279
2045.105,1264,543
2045.333,876,4
2046.584,637,477
2046.695,1236,362
2047.003,541,25
2047.459,692,318
2048.101,243,20
2049.246,2173,398
2053.087,740,8
2053.847,542,228
2055.742,1179,536
2055.805,262,269
2056.942,5657,459
2057.504,2070,443
2057.947,2596,83
2058.005,2216,483
2058.144,4322,461
2059.321,4573,34
2060.019,1327,443
2063.554,1302,357
2064.574,5211,19
2064.996,1195,1
2066.757,1926,469
2069.043,3582,578
2069.44,6022,108
2069.44,686,24
2069.991,463,1
2070.062,5628,885
2070.841,1456,26
2073.323,939,31
2073.546,1880,356
2074.094,698,280
2075.312,3130,442
2075.741,2560,261
2077.079,1686,7
2077.85,2501,95
2077.85,1268,26
2079.344,2344,151
2079.344,1820,29
2080.365,127373,628
2081.946,2845,427
2082.545,355,81
2083.831,678,83
2084.942,857,64
2084.993,2744,292
2085.221,723,50
2087.82,1249,21
2087.993,1368,374
2088.469,938,142
2088.841,705,56
2089.305,8818,386
2089.721,2056,150
2091.516,1064,211
2091.947,10235,44
2092.009,2023,404
2092.099,408,66
2092.445,928,83
2093.305,3920,230
2094.016,269,53
2094.061,1033,165
2094.467,252,54
2094.542,7851,143
2094.842,364,91
2095.096,968,162
2096.305,1079,25
2097.196,1433,64
2097.555,990,136
2097.563,819,67
2098.094,3851,133
2098.792,4360,311
2099.519,856,36
2099.592,1000,126
2099.844,1746,26
2100.094,2086,500
2100.465,692,47
2100.565,2928,458
2100.967,3849,147
2101.465,931,128
2101.715,7887,91
2101.794,1236,241
2101.907,371,43
2102.27,2564,250
2102.341,3845,118
2102.718,4635,88
2102.946,450,256
2103.601,464,69
2103.971,3522,313
2104.845,1236,3
2105.092,4607,65
2105.273,264,61
2107.599,3630,349
2108.095,1263,465
2108.844,1480,152
2109.101,162,16
2110.055,631,245
2111.349,3379,81
2111.503,805,718
2112.766,3555,325
2113.025,4010,343
2113.057,9169,374
2113.71,2176,517
2114.6,1140,507
2115.34,344,243
2115.465,11602,107
2115.498,1243,125
2115.521,535,71
2116.526,868,264
2116.593,3926,255
2117.022,4044,314
2117.09,4010,273
2117.091,2639,277
2117.293,1163,49
2117.543,4785,640
2118.441,1442,487
2118.499,600,8
2118.771,878,416
2120.148,143,55
2121.347,987,365
2122.336,551,1
2122.759,225,2
2123.271,740,435
2123.34,1236,360
2123.847,1213,389
2124.068,1069,350
2124.09,1024,22
2124.695,6176,476
2125.802,578,13
2127.334,1537,479
2128.344,1096,433
2128.901,544,361
2129.241,1527,195
2130.844,1205,500
2133.582,1648,375
2133.94,6988,2475
2135.294,3277,84
2137.56,625,68
2137.693,626,22
2137.993,2283,85
2140.564,1905,354
2140.572,5365,173
2142.799,7190,17
2145.845,1646,122
2146.085,933,323
2147.619,1580,686
2149.492,4397,581
2151.5,1195,1
2154.646,877,8
2155.502,806,85
2156.207,878,60
2156.49,928,13
2156.739,1164,69
2156.956,1658,436
2158.603,115,16
2162.334,558,221
2162.498,12680,216
2162.844,1992,511
2164.083,817,310
2164.458,136,271
2164.711,139,282
2166.897,720,1
2167.94,418,76
2168.188,4610,67
2169.504,1183,420
2170.103,223,3
2170.208,794,383
2171.316,1464,61
2172.837,820,14
2174.121,828,353
2174.689,2136,345
2176.582,954,462
2177.439,3845,124
2177.769,6612,532
2178.313,3802,1
2178.822,7240,480
2179.24,1613,360
2179.313,977,64
2179.446,614,246
2180.441,1777,440
2180.542,1019,91
2180.816,1823,460
2181.193,1541,27
2182.4,45,1
2183.292,463,200
2183.292,695,47
2183.693,2326,126
2183.849,9248,4096
2184.442,983,128
2184.945,1182,40
2185.254,138,264
2185.442,1461,369
2185.9,906,8
2187.004,770,476
2187.568,6311,53
2188.042,901,425
2188.043,9153,365
2188.944,978,552
2190.048,3628,366
2191.018,3673,143
2191.148,881,8
2191.293,1097,474
2191.819,1004,370
2192.043,1172,26
2193.291,8837,335
2194.342,3429,80
2194.791,3905,263
2197.835,5361,204
2198.041,1734,364
2198.275,266,70
2198.542,3957,400
2200.834,182,1713
2201.292,1205,296
2201.591,695,1000
2201.84,709,236
2202.56,8617,67
2202.944,6042,19
2203.019,1272,1107
2206.82,4359,406
2207.726,1106,76
2213.09,7180,95
2213.938,7314,99
2214.805,145,51
2216.31,935,258
2218.149,825,265
2220.27,2454,477
2220.595,757,8
2223.096,3931,106
2223.251,1419,378
2224.489,559,47
2224.798,5458,31
2226.064,843,64
2226.562,2533,523
2228.815,3539,221
2229.506,365,161
2229.692,2008,459
2230.346,1162,327
2232.339,3283,918
2233.007,4950,264
2234.241,255,18
2235.825,19598,140
2239.44,1716,118
2239.588,523,51
2239.697,1021,368
2241.152,576,91
2241.352,972,78
2248.252,1337,68
2250.085,761,4
2250.217,248,1
2250.247,198,169
2251.023,806,796
2251.122,133,212
2252.246,230,1
2253.956,1736,252
2256.546,913,190
2257.047,6848,12
2258.295,883,78
2258.442,1149,295
2259.193,1987,20
2260.194,1602,398
2260.744,440,1
2261.398,1420,865
2261.865,1993,37
2261.945,205,1
2263.507,3330,580
2264.269,1087,993
2265.324,4633,124
2266.35,3367,1
2266.522,1689,70
2267.046,1876,34
2267.295,692,53
2267.945,1512,89
2268.796,1213,85
2269.081,879,78
2270.197,5364,152
2270.651,1223,289
2271.57,3817,120
2271.646,1170,66
2271.797,883,152
2272.572,1194,145
2272.844,3849,120
2273.545,1842,29
2273.593,1104,373
2273.796,2009,545
2273.796,4200,139
2273.796,4116,265
2273.843,3818,163
2274.573,688,1
2274.573,2219,94
2275.116,225,2
2275.542,3561,146
2275.709,569,417
2275.819,1003,283
2276.259,2754,476
2277.09,372,56
2278.542,4785,352
2278.581,952,364
2278.797,3765,130
2279.569,630,134
2279.896,265,26
2282.544,1433,59
2282.997,962,421
2283.656,3988,313
2283.815,785,461
2283.897,3929,329
2284.842,3851,110
2285.27,725,536
2285.34,3850,99
2285.824,9154,383
2288.3,986,568
2288.646,8818,300
2289.589,1464,67
2290.292,1205,404
2290.591,9899,111
2290.819,1480,127
2291.571,3886,340
2291.83,1441,361
2293.894,1018,28
2294.575,917,26
2296.551,577,162
2296.576,3265,308
2296.646,1236,282
2296.898,1398,294
2300.018,988,1
2303.342,3171,79
2303.993,976,1
2307.487,113,831
2307.646,434,83
2307.841,1318,7
2311.148,1021,361
2312.027,2106,855
2312.441,225,2
2313.467,4327,788
2316.243,878,8
2316.405,3438,104
2318.542,10614,2095
2318.583,3569,246
2319.317,6124,22
2320.365,412,50
2322.739,426,67
2324.997,358,33
2325.073,990,1
2326.588,991,1
2326.695,4650,322
2329.843,322,11
2331.58,840,55
2333.245,570,52
2336.572,580,59
2336.806,92,7
2336.994,375,34
2337.215,2931,34
2337.494,692,41
2337.748,4182,91
2337.995,1791,30
2339.852,672,449
2340.502,343,13
2341.501,2404,8
2341.587,2068,178
2343.496,3850,127
2343.551,453,162
2345.191,2267,982
2345.317,1007,468
2347.065,439,36
2347.069,451,64
2347.801,1480,129
2348.114,262,25
2348.364,3914,236
2348.991,1205,217
2349.091,5274,125
2349.296,1332,416
2349.396,4491,2868
2349.812,6074,409
2350.246,3737,486
2350.333,378,46
2350.491,3849,144
2350.554,647,134
2350.69,347,91
2351.76,1278,427
2351.811,1708,24
2353.508,541,344
2353.99,884,28
2353.994,2659,277
2354.096,2568,357
2354.339,393,46
2354.503,978,587
2354.995,1161,68
2355.305,1197,26
2355.305,2156,334
2355.489,1340,225
2355.556,248,31
2355.749,439,120
2356.102,1582,264
2356.557,1774,28
2356.745,1028,175
2356.942,1634,467
2357.597,1405,516
2358.116,4014,439
2358.239,694,55
2358.617,342,32
2358.803,1141,5
2359.501,345,31
2359.75,2381,332
2361.047,839,439
2361.987,6099,427
2362.688,1024,437
2363.987,2197,120
2364.255,492,84
2365.992,848,58
2366.25,526,133
2366.254,754,8
2366.496,4260,14
2367.194,1880,390
2368.575,689,111
2370.099,1186,343
2370.739,4256,359
2371.751,604,47
2372.903,1256,25
2372.956,1196,838
2373.742,3851,133
2373.75,1205,339
2375.148,537,58
2375.291,755,8
2375.77,2290,78
2376.841,5803,1281
2377.002,2957,431
2377.055,449,121
2378.243,437,212
2378.313,1038,439
2378.75,716,70
2379.988,7915,219
2383.813,2894,69
2383.991,325,59
2384.646,6105,920
2386.795,978,567
2388.314,1210,1
2389.115,1509,1199
2389.488,1033,198
2389.795,835,89
2389.816,4215,79
2390.072,665,81
2390.117,192,1
2391.297,3205,529
2392.65,2248,126
2392.712,2719,871
2393.396,1947,29
2393.821,1433,83
2393.821,3918,282
2394.571,693,45
2394.94,1455,24
2395.396,122,7
2396.146,3367,69
2396.151,1471,29
2398.257,10514,302
2398.341,757,8
2399.57,696,46
2400.044,75,3
2400.117,775,20
2401.32,998,23
2401.396,697,68
2401.757,245,27
2401.893,379,90
2402.404,4260,14
2402.757,1781,28
2403.144,932,65
2403.337,245,8
2403.75,1012,506
2403.796,218,14
2404.273,684,1000
2404.469,281,12
2404.648,4065,394
2405.073,245,25
2405.695,706,75
2405.943,1285,286
2406.24,2145,698
2406.442,682,51
2406.551,3611,205
2406.744,9179,303
2406.944,1170,70
2408.006,4205,125
2408.07,9162,290
2408.492,3949,300
2408.585,501,92
2408.855,1120,23
2408.902,1205,282
2409.242,8813,324
2409.311,5938,408
2409.56,469,80
2410.441,478,97
2410.9,1170,93
2410.945,1236,455
2412.492,1944,34
2413.151,1236,363
2413.22,830,542
2413.325,695,211
2413.651,3772,123
2413.864,1464,88
2413.893,2314,61
2413.992,3780,74
2414.657,7799,322
2414.759,268,61
2414.812,3730,20
2414.942,4754,339
2415.645,2270,29
2416.194,1236,485
2416.496,1809,29
2416.499,895,456
2416.8,270,13
2417.073,1076,476
2417.248,267,49
2417.742,230,74
2417.758,3936,311
2417.991,5449,1389
2419.144,3937,349
2419.195,890,109
2419.209,469,99
2419.364,1820,8
2419.407,3381,143
2419.491,3911,305
2419.574,709,48
2419.695,648,10
2419.695,972,160
2419.906,6627,176
2420.803,4358,425
2421.443,357,125
2421.462,1422,360
2422.969,1309,331
2423.498,8819,315
2424.397,425,114
2424.546,9784,70
2424.749,3653,508
2425.197,2264,107
2425.653,1167,93
2425.897,2191,842
2426.444,2235,131
2426.621,3956,361
2426.647,287,33
2427.192,2225,130
2428.62,1214,15
2428.694,2089,931
2428.894,694,58
2429.239,260,1
2429.991,1298,146
2430.443,27,43
2431.395,1149,28
2431.541,208,19
2432.053,1247,28
2433.239,590,329
2433.242,8820,367
2433.301,3591,312
2434.083,673,43
2434.124,757,641
2434.301,250,37
2434.552,4260,14
2434.646,907,48
2434.711,621,33
2434.944,784,363
2434.991,526,52
2435.101,828,13
2435.551,716,68
2435.821,4310,29
2436.053,1433,78
2436.393,4233,131
2436.812,3556,270
2437.991,4310,29
2438.301,4220,80
2438.345,195,15
2438.715,1926,369
2439.143,1756,30
2440.051,963,275
2441.398,1205,435
2442.551,364,94
2442.551,1133,32
2443.296,343,28
2443.397,169,9
2444.567,2160,296
2445.55,727,42
2445.748,3800,145
2446.258,3577,198
2446.308,1464,71
2446.466,765,156
2446.571,974,157
2446.842,1203,251
2447.149,1267,8
2447.297,378,40
2448.242,925,8
2448.242,382,130
2449.07,1205,110
2449.65,874,91
2449.752,4924,388
2450.491,362,154
2450.65,3111,300
2451.241,1733,52
2451.651,4052,467
2451.802,2770,61
2452.069,1874,33
2452.084,5737,816
2452.899,2272,133
2452.941,825,36
2453.551,1646,285
2454.241,3366,96
2456.058,4146,319
2456.491,13758,6
2458.602,844,132
2458.991,3310,481
2459.571,1195,1
2460.242,2315,133
2461.314,2106,40
2461.467,607,43
2462.003,520,652
2462.046,260,43
2462.298,497,188
2462.567,114,6
2462.901,649,285
2463.568,636,14
2465.347,247,11
2465.619,2522,468
2465.768,1415,7
2472.441,1649,414
2472.83,6124,21
2473.745,272,48
2475.801,745,1
2479.442,1263,843
2479.946,1439,7
2481.319,1360,367
2482.096,847,365
2482.901,818,91
2484.049,1433,81
2484.521,7342,141
2485.75,5598,211
2488.19,6016,1348
2489.046,631,50
2489.801,365,300
2490.82,342,37
2491.442,749,133
2494.77,263,50
2495.813,585,1024
2495.839,1079,26
2496.022,1840,118
2499.25,6186,21
2500.152,490,59
2500.589,1213,28
2501.599,4310,29
2501.835,4529,90
2502.25,1092,252
2502.588,545,133
2504.085,690,56
2504.32,3470,238
2504.97,1560,1763
2506.086,253,59
2506.335,948,199
2506.487,132,10
2506.819,979,368
2507.268,3493,229
2507.57,1266,24
2507.816,1378,429
2508.025,1205,321
2508.046,5850,18
2509.275,1970,1016
2509.317,692,59
2509.339,1433,77
2510.091,1433,92
2511.958,579,172
2512.085,1464,63
2512.575,117544,905
2513.334,1592,33
2513.821,3359,69
2513.834,824,25
2514.085,2192,162
2514.188,937,411
2514.335,1205,388
2514.712,6899,17
2515.816,4310,29
2516.188,608,69
2516.313,2142,190
2517.094,818,465
2517.314,2163,185
2517.457,839,175
2517.59,4048,358
2517.59,1168,68
2517.866,2837,351
2519.835,1288,1
2520.692,2240,118
2520.739,486,67
2521.083,1513,19
2521.662,1747,22
2521.834,438,64
2522.34,748,279
2522.52,1236,500
2523.3,1110,479
2524.148,2026,60
2524.321,2284,125
2524.352,2936,500
2524.495,1081,763
2525.768,934,315
2525.893,2026,73
2526.312,13761,6
2526.568,13728,6
2529.75,978,858
2529.897,4310,29
2530.195,652,298
2531.147,1295,276
2532.585,762,445
2532.692,167,11
2533.064,1504,95
2536.09,3716,1712
2536.943,13769,6
2537.813,165,47
2539.759,692,57
2540.582,140,10
2542.574,924,316
2542.995,726,361
2543.466,931,3
2544.301,6102,37
2544.398,13786,6
2544.65,8814,299
2544.944,2631,15
2545.15,1406,31
2546.768,3787,66
2546.845,988,452
2547.334,1239,32
2547.94,6290,42
2548.69,2917,134
2548.715,3850,101
2549.215,4231,129
2549.394,486,266
2550.146,8814,323
2550.443,3957,250
2551.259,654,214
2551.268,343,30
2551.755,663,161
2551.945,1480,29
2552.006,4086,354
2552.26,412,43
2552.755,1084,26
2552.992,729,364
2553.445,299,39
2553.769,302,22
2554.47,1449,183
2555.504,1102,256
2555.573,396,97
2556.268,369,228
2556.443,687,56
2556.5,328,58
2556.944,906,30
2557.691,378,35
2557.97,1179,299
2558.019,3849,145
2558.359,177,11
2558.518,4310,29
2559.301,1464,77
2560.751,125,115
2560.834,2607,358
2561.15,974,295
2562.303,956,162
2563.084,2529,80
2563.508,1480,158
2564.217,693,51
2565.348,2704,560
2565.691,1460,360
2566.688,1169,71
2566.688,3096,347
2566.968,3681,76
2567.008,1884,416
2567.758,4041,306
2567.815,832,88
2568.011,1236,500
2568.051,448,182
2568.466,623,213
2570.047,3598,494
2572.053,1418,27
2573.073,6127,570
2575.576,2006,434
2576.691,3511,390
2576.844,1985,446
2577.465,3888,293
2577.715,3895,293
2578.152,2233,446
2579.51,369,2
2581.398,2081,48
2581.442,1369,23
2581.855,727,71
2582.969,334,47
2584.067,766,413
2584.116,931,3
2584.843,1902,334
2584.943,986,648
2587.239,504,99
2587.958,3476,226
2588.116,3851,140
2588.864,4170,309
2589.446,1534,487
2590.364,1207,76
2591.742,884,13
2592.012,1196,1
2594.253,1464,74
2594.742,770,8
2596.115,4188,101
2596.364,950,131
2597.864,1723,28
2598.31,515,1
2600.546,1077,889
2602.065,702,8
2602.501,470,100
2602.501,357,50
2602.599,4656,364
2602.818,2253,147
2604.193,1198,1
2604.439,312,131
2604.941,1388,423
2606.066,776,19
2606.26,888,564
2607.497,1200,68
2609.496,248,33
2609.796,1076,23
2610.009,343,39
2610.249,1805,28
2610.75,1464,45
2610.75,257,49
2611.317,1236,214
2611.49,502,112
2611.49,14345,66
2611.816,7404,105
2611.995,470,137
2612.349,583,328
2612.994,1786,44
2613.063,8828,371
2613.241,915,26
2613.245,342,36
2613.445,699,38
2613.753,3680,111
2614.005,2235,469
2614.445,4260,14
2615.065,10693,434
2615.447,6376,17
2616.066,999,26
2616.493,711,56
2616.988,246,55
2617.246,4217,168
2617.494,1802,5
2617.747,3964,303
2617.996,371,115
2618.253,694,51
2618.562,948,26
2618.753,1842,331
2618.753,8815,333
2619.008,3919,346
2619.198,345,31
2619.248,2756,315
2619.252,3337,64
2619.313,2135,2
2619.501,997,74
2619.752,1209,20
2620.053,5252,121
2620.506,2820,500
2620.564,990,231
2620.643,1449,108
2620.745,1143,28
2620.947,4183,96
2621.084,1616,29
2621.199,3766,127
2621.465,1720,219
2621.489,969,28
2621.565,375,142
2622.066,3699,90
2622.312,3787,110
2622.742,1379,577
2623.335,4187,115
2623.834,3607,2642
2624.586,1950,26
2624.813,968,28
2625.191,1106,63
2626.085,6852,15
2626.457,492,91
2627.242,684,333
2627.496,2813,279
2627.503,4153,366
2627.692,1205,485
2627.74,9496,276
2628.335,641,1
2629.145,3849,81
2629.244,4046,439
2630.193,1779,28
2630.501,4371,522
2631.742,399,115
2632.244,3938,304
2632.492,2586,285
2632.575,352,26
2632.691,512,158
2632.721,437,1
2633.052,763,8
2633.084,615,214
2633.343,978,786
2633.492,2023,37
2633.692,8291,595
2635.143,2232,103
2635.443,264,45
2637.193,708,200
2638.069,944,83
2638.442,647,626
2638.691,3697,377
2639.334,2283,88
2639.441,1236,500
2639.49,1615,57
2639.692,1757,23
2640.05,1982,40
2640.395,3203,78
2640.504,565,11
2640.692,1043,204
2641.441,3160,286
2641.442,3793,148
2641.693,4662,136
2642.331,4841,1170
2643.745,246,33
2643.949,695,55
2644.501,21438,933
2644.947,4036,333
2645.192,1019,188
2646.492,3316,362
2646.693,1480,116
2647.0,1464,70
2647.062,1781,31
2647.147,699,54
2647.248,4140,253
2647.991,978,437
2648.061,345,29
2648.243,344,336
2648.565,745,154
2649.47,2372,96
2649.744,824,27
2650.396,3345,137
2650.461,3850,114
2651.19,659,298
2651.242,1131,109
2651.316,2813,294
2651.491,1674,32
2651.583,3983,947
2651.992,3963,314
2653.021,1262,76
2654.46,924,8
2655.094,786,374
2655.249,2817,232
2658.243,3635,578
2660.34,3519,328
2660.617,2061,396
2660.744,854,43
2660.818,980,164
2660.819,1236,357
2661.1,1196,432
2663.712,1433,77
2664.212,379,95
2665.215,4260,14
2665.992,344,48
2666.044,771,13
2666.242,3924,313
2667.064,940,8
2667.651,3453,478
2667.742,635,125
2668.59,451,18
2668.713,3850,120
2668.814,2022,319
2668.993,4040,305
2669.96,4506,165
2669.992,1339,231
2670.114,995,623
2671.067,224,1
2671.569,620,223
2671.651,1408,24
2672.296,1054,230
2672.568,9156,285
2672.996,726,74
2673.242,633,233
2674.063,1160,26
2674.457,4107,285
2674.467,887,8
2675.152,1778,27
2677.584,2483,913
2677.743,812,412
2677.75,1223,19
2678.651,6977,2589
2679.551,565,107
2680.194,635,48
2680.343,2993,31
2682.855,1037,387
2684.244,1332,454
2684.993,1763,25
2685.403,629,342
2685.521,812,339
2686.241,1271,2
2686.403,1002,150
2686.901,1154,772
2687.403,377,40
2687.5,860,13
2687.551,1072,26
2688.002,880,416
2688.049,1428,26
2688.491,344,168
2689.401,1108,28
2689.522,1582,383
2689.654,3850,129
2689.745,440,71
2691.752,712,325
2691.844,1811,31
2691.901,1748,106
2692.494,1659,334
2692.991,2121,9
2692.992,509,134
2693.048,1156,26
2693.343,2082,101
2693.624,9766,113
2693.801,681,50
2693.902,1157,66
2694.242,22676,48
2694.74,1433,75
2695.089,1282,451
2695.586,1396,38
2696.299,431,92
2696.651,690,57
2696.84,581,129
2697.5,630,93
2698.151,936,131
2698.494,622,204
2699.34,3850,78
2699.35,1433,77
2699.493,498,237
2699.85,253,31
2700.093,1786,59
2700.589,964,233
2701.051,691,48
2701.065,3802,892
2701.241,931,15
2701.35,807,57
2702.048,2586,218
2702.643,485,197
2702.841,566,154
2702.993,1245,373
2703.049,3850,120
2703.339,1628,165
2704.153,9174,300
2704.24,1053,174
2704.301,1480,121
2704.645,4191,84
2705.504,1399,355
2705.599,4212,116
2705.646,449,187
2706.466,1129,145
2706.74,9494,286
2706.991,3851,132
2707.089,1236,368
2707.298,1763,33
2707.548,665,138
2707.994,4606,60
2708.191,531,1
2708.243,1167,80
2708.6,3563,118
2709.749,1109,143
2709.749,1787,28
2711.394,4026,404
2711.394,9733,2182
2711.441,72,51
2711.796,916,617
2711.99,4260,14
2712.75,874,32
2713.992,1007,175
2714.143,4186,92
2714.355,1846,8
2714.645,2493,2376
2715.102,4317,278
2715.242,172,18
2717.491,395,74
2718.146,3851,142
2718.491,1638,43
2718.574,377,50
2718.744,1628,90
2719.941,404,62
2720.644,534,130
2720.865,284,43
2720.992,581,101
2722.516,2349,915
2722.74,619,231
2723.297,2676,458
2725.146,1205,289
2725.192,136,21
2725.349,1839,22
2725.397,4021,531
2726.099,3349,140
2730.155,922,8
2731.305,757,8
2732.438,9769,828
2736.5,1495,553
2739.064,952,242
2739.542,2594,444
2743.579,1234,71
2748.0,256,35
2749.053,2503,74
2749.939,1687,400
2750.465,1449,116
2750.715,970,26
2751.84,137,14
2754.053,728,21
2754.65,2483,427
2755.044,988,36
2755.656,1486,636
2758.441,4323,686
2758.968,3327,61
2759.055,890,37
2759.345,892,8
2759.753,614,266
2760.716,5079,154
2760.991,2022,73
2761.254,365,131
2761.254,4373,347
2763.006,1739,29
2763.968,914,28
2765.192,2168,588
2765.255,1282,22
